-- MySQL dump 10.13  Distrib 8.0.23, for Win64 (x86_64)
--
-- Host: GEOMOT.mysql.database.azure.com    Database: GEOMOT
-- ------------------------------------------------------
-- Server version	8.0.28

/*!40101 SET @OLD_CHARACTER_SET_CLIENT=@@CHARACTER_SET_CLIENT */;
/*!40101 SET @OLD_CHARACTER_SET_RESULTS=@@CHARACTER_SET_RESULTS */;
/*!40101 SET @OLD_COLLATION_CONNECTION=@@COLLATION_CONNECTION */;
/*!50503 SET NAMES utf8 */;
/*!40103 SET @OLD_TIME_ZONE=@@TIME_ZONE */;
/*!40103 SET TIME_ZONE='+00:00' */;
/*!40014 SET @OLD_UNIQUE_CHECKS=@@UNIQUE_CHECKS, UNIQUE_CHECKS=0 */;
/*!40014 SET @OLD_FOREIGN_KEY_CHECKS=@@FOREIGN_KEY_CHECKS, FOREIGN_KEY_CHECKS=0 */;
/*!40101 SET @OLD_SQL_MODE=@@SQL_MODE, SQL_MODE='NO_AUTO_VALUE_ON_ZERO' */;
/*!40111 SET @OLD_SQL_NOTES=@@SQL_NOTES, SQL_NOTES=0 */;


-- MySQL Script generated by MySQL Workbench
-- Sun Apr 24 14:29:15 2022
-- Model: New Model    Version: 1.0
-- MySQL Workbench Forward Engineering

SET @OLD_UNIQUE_CHECKS=@@UNIQUE_CHECKS, UNIQUE_CHECKS=0;
SET @OLD_FOREIGN_KEY_CHECKS=@@FOREIGN_KEY_CHECKS, FOREIGN_KEY_CHECKS=0;
SET @OLD_SQL_MODE=@@SQL_MODE, SQL_MODE='ONLY_FULL_GROUP_BY,STRICT_TRANS_TABLES,NO_ZERO_IN_DATE,NO_ZERO_DATE,ERROR_FOR_DIVISION_BY_ZERO,NO_ENGINE_SUBSTITUTION';

-- -----------------------------------------------------
-- Schema mydb
-- -----------------------------------------------------
DROP SCHEMA IF EXISTS `GEOMOT` ;

-- -----------------------------------------------------
-- Schema mydb
-- -----------------------------------------------------
CREATE SCHEMA IF NOT EXISTS `GEOMOT` DEFAULT CHARACTER SET utf8 ;
-- -----------------------------------------------------
-- Schema GEOMOT
-- -----------------------------------------------------
USE `GEOMOT` ;

--
-- Table structure for table `cilindraje`
--

DROP TABLE IF EXISTS `cilindraje`;
/*!40101 SET @saved_cs_client     = @@character_set_client */;
/*!50503 SET character_set_client = utf8mb4 */;
CREATE TABLE `cilindraje` (
  `cleidcilindraje` int(11) NOT NULL AUTO_INCREMENT COMMENT 'Identificador de tabla.',
  `siglas` varchar(45) NOT NULL COMMENT 'Tipo de siglas (100, 125).',
  `descripcin` varchar(45) NOT NULL COMMENT 'Descripción de tipo de Cilindraje.',
  `fechaRegistro` datetime NOT NULL DEFAULT CURRENT_TIMESTAMP COMMENT 'Fecha de registro.',
  `stidestado` int(11) NOT NULL COMMENT 'Estado registros (Tabla de estados de registros).',
  PRIMARY KEY (`cleidcilindraje`),
  UNIQUE KEY `IdCilindraje_UNIQUE` (`cleidcilindraje`)
) ENGINE=InnoDB AUTO_INCREMENT=7 DEFAULT CHARSET=utf8;
/*!40101 SET character_set_client = @saved_cs_client */;

--
-- Dumping data for table `cilindraje`
--

LOCK TABLES `cilindraje` WRITE;
/*!40000 ALTER TABLE `cilindraje` DISABLE KEYS */;
INSERT INTO `cilindraje` VALUES (1,'100','100','2022-05-05 01:28:54',1),(2,'110','110','2022-05-05 01:28:54',1),(3,'125','125','2022-05-05 01:28:54',1),(4,'150','150','2022-05-05 01:28:54',1),(5,'160','160','2022-05-05 01:28:54',1),(6,'200','200','2022-05-05 01:28:55',1);
/*!40000 ALTER TABLE `cilindraje` ENABLE KEYS */;
UNLOCK TABLES;

--
-- Table structure for table `color`
--

DROP TABLE IF EXISTS `color`;
/*!40101 SET @saved_cs_client     = @@character_set_client */;
/*!50503 SET character_set_client = utf8mb4 */;
CREATE TABLE `color` (
  `clidcolor` int(11) NOT NULL AUTO_INCREMENT COMMENT 'Identificador de tabla.',
  `siglas` varchar(45) NOT NULL COMMENT 'Tipo de siglas (Rojo, Verde).',
  `descripcin` varchar(45) NOT NULL COMMENT 'Descripción de tipo de Color.',
  `fechaRegistro` datetime NOT NULL DEFAULT CURRENT_TIMESTAMP COMMENT 'Fecha de registro.',
  `stidestado` int(11) NOT NULL COMMENT 'Estado registros (Tabla de estados de registros).',
  PRIMARY KEY (`clidcolor`),
  UNIQUE KEY `IdColor_UNIQUE` (`clidcolor`)
) ENGINE=InnoDB AUTO_INCREMENT=6 DEFAULT CHARSET=utf8;
/*!40101 SET character_set_client = @saved_cs_client */;

--
-- Dumping data for table `color`
--

LOCK TABLES `color` WRITE;
/*!40000 ALTER TABLE `color` DISABLE KEYS */;
INSERT INTO `color` VALUES (1,'AM','Amarillo','2022-05-05 01:31:14',1),(2,'AZ','Azul','2022-05-05 01:31:14',1),(3,'RJ','Rojo','2022-05-05 01:31:14',1),(4,'NG','Negro','2022-05-05 01:31:14',1),(5,'GR','Gris','2022-05-05 01:31:15',1);
/*!40000 ALTER TABLE `color` ENABLE KEYS */;
UNLOCK TABLES;

--
-- Table structure for table `combustible`
--

DROP TABLE IF EXISTS `combustible`;
/*!40101 SET @saved_cs_client     = @@character_set_client */;
/*!50503 SET character_set_client = utf8mb4 */;
CREATE TABLE `combustible` (
  `cbeidcombustilbe` int(11) NOT NULL AUTO_INCREMENT COMMENT 'Identificador de tabla.',
  `siglas` varchar(45) NOT NULL COMMENT 'Tipo de siglas (Gasolinar, Gax).',
  `descripcin` varchar(45) NOT NULL COMMENT 'Descripción de tipo de Combustible.',
  `fechaRegistro` datetime NOT NULL DEFAULT CURRENT_TIMESTAMP COMMENT 'Fecha de registro.',
  `stidestado` int(11) NOT NULL COMMENT 'Estado registros (Tabla de estados de registros).',
  PRIMARY KEY (`cbeidcombustilbe`),
  UNIQUE KEY `IdCombustible_UNIQUE` (`cbeidcombustilbe`)
) ENGINE=InnoDB AUTO_INCREMENT=6 DEFAULT CHARSET=utf8;
/*!40101 SET character_set_client = @saved_cs_client */;

--
-- Dumping data for table `combustible`
--

LOCK TABLES `combustible` WRITE;
/*!40000 ALTER TABLE `combustible` DISABLE KEYS */;
INSERT INTO `combustible` VALUES (3,'GSA','Gasolina','2022-05-05 01:10:42',1),(4,'ELT','Electricidad','2022-05-05 01:12:20',1),(5,'GXN','Gax Natural','2022-05-05 01:12:20',1);
/*!40000 ALTER TABLE `combustible` ENABLE KEYS */;
UNLOCK TABLES;

--
-- Table structure for table `conductor`
--

DROP TABLE IF EXISTS `conductor`;
/*!40101 SET @saved_cs_client     = @@character_set_client */;
/*!50503 SET character_set_client = utf8mb4 */;
CREATE TABLE `conductor` (
  `peridpersona` varchar(100) NOT NULL COMMENT 'Identificador de tabla.',
  `cdtrunt` varchar(45) DEFAULT NULL COMMENT '''Registro unico contributario.''',
  `cdtfechavigencia` varchar(45) DEFAULT NULL COMMENT '''Fecha de vigencia de licencia.''',
  `cdtfechaexpedicion` varchar(45) DEFAULT NULL COMMENT '''Fecha de expedición de licencia.''',
  `stidestado` int(11) DEFAULT NULL COMMENT 'Estado registros (Tabla de estados de registros).',
  KEY `fk_PersonaId_conductor_perosonaId_idx` (`peridpersona`),
  CONSTRAINT `fk_PersonaId_conductor_perosonaId` FOREIGN KEY (`peridpersona`) REFERENCES `persona` (`peridpersona`) ON DELETE NO ACTION ON UPDATE NO ACTION
) ENGINE=InnoDB DEFAULT CHARSET=utf8;
/*!40101 SET character_set_client = @saved_cs_client */;

--
-- Dumping data for table `conductor`
--

LOCK TABLES `conductor` WRITE;
/*!40000 ALTER TABLE `conductor` DISABLE KEYS */;
/*!40000 ALTER TABLE `conductor` ENABLE KEYS */;
UNLOCK TABLES;

--
-- Table structure for table `contacto`
--

DROP TABLE IF EXISTS `contacto`;
/*!40101 SET @saved_cs_client     = @@character_set_client */;
/*!50503 SET character_set_client = utf8mb4 */;
CREATE TABLE `contacto` (
  `ctoidcontacto` int(11) NOT NULL AUTO_INCREMENT COMMENT 'Identificador de tabla.',
  `peridpersona` varchar(100) NOT NULL COMMENT 'llave foranea con tabla persona.',
  `ctotipocontacto` int(11) NOT NULL COMMENT 'Tipo  contacto (Tabla de tipos decontacto).',
  `ctovalor` varchar(100) NOT NULL COMMENT '''Valor de tipo de contacto.''',
  `stidestado` int(11) NOT NULL COMMENT 'Estado persona (Tabla de estados de registros).',
  PRIMARY KEY (`ctoidcontacto`),
  UNIQUE KEY `IdContacto_UNIQUE` (`ctoidcontacto`),
  KEY `fk_PersonaId_contacto_PersonaId_idx` (`peridpersona`),
  CONSTRAINT `fk_PersonaId_contacto_PersonaId` FOREIGN KEY (`peridpersona`) REFERENCES `persona` (`peridpersona`) ON DELETE NO ACTION ON UPDATE NO ACTION
) ENGINE=InnoDB AUTO_INCREMENT=22 DEFAULT CHARSET=utf8;
/*!40101 SET character_set_client = @saved_cs_client */;

--
-- Dumping data for table `contacto`
--

LOCK TABLES `contacto` WRITE;
/*!40000 ALTER TABLE `contacto` DISABLE KEYS */;
INSERT INTO `contacto` VALUES (8,'116547557361665573028',8,'1290000',1),(9,'116547557361665573028',1,'123',1),(10,'116547557361665573028',10,'1234',1),(11,'116547557361665573028',1,'1234567890',1),(12,'113664237184867391864',1,'3202250321',1),(13,'113664237184867391864',2,'3202250321',1),(14,'106857693784342141465',14,'3202250321',1),(15,'106857693784342141465',2,'23423425325',1),(16,'113664237184867391864',2,'3561251123',1),(17,'113664237184867391864',2,'3203012134',1),(18,'107947093169781272800',2,'3124764824',1),(19,'102604483170885872523',2,'464946319',1),(20,'106857693784342141465',1,'3202250324',1),(21,'117634414056493420654',1,'3665494875',1);
/*!40000 ALTER TABLE `contacto` ENABLE KEYS */;
UNLOCK TABLES;

--
-- Table structure for table `control_estado_moto`
--

DROP TABLE IF EXISTS `control_estado_moto`;
/*!40101 SET @saved_cs_client     = @@character_set_client */;
/*!50503 SET character_set_client = utf8mb4 */;
CREATE TABLE `control_estado_moto` (
  `cemidcontrolmoto` int(11) NOT NULL AUTO_INCREMENT COMMENT 'Identificador de tabla.',
  `mtidmoto` int(11) NOT NULL COMMENT 'Id foranea tabla moto.',
  `cmfecha` timestamp NULL DEFAULT CURRENT_TIMESTAMP COMMENT 'Fecha de control de estado.',
  `cemkilometraje` double NOT NULL COMMENT 'Kilomentraje de moto.',
  `evtidevento` int(11) NOT NULL COMMENT 'Id de evento atendido',
  `stidestado` int(11) NOT NULL COMMENT 'Estado registro (Tabla de estados de registros).',
  PRIMARY KEY (`cemidcontrolmoto`),
  KEY `fk_MotoId_controlEstado_MotoId_idx` (`mtidmoto`),
  CONSTRAINT `fk_MotoId_controlEstado_MotoId` FOREIGN KEY (`mtidmoto`) REFERENCES `moto` (`mtidmoto`) ON DELETE NO ACTION ON UPDATE NO ACTION
) ENGINE=InnoDB AUTO_INCREMENT=31 DEFAULT CHARSET=utf8;
/*!40101 SET character_set_client = @saved_cs_client */;

--
-- Dumping data for table `control_estado_moto`
--

LOCK TABLES `control_estado_moto` WRITE;
/*!40000 ALTER TABLE `control_estado_moto` DISABLE KEYS */;
INSERT INTO `control_estado_moto` VALUES (3,9,'2022-10-06 21:49:38',350,0,1),(4,9,'2022-10-07 01:05:42',300,0,1),(5,9,'2022-10-08 01:10:05',1000,0,1),(6,9,'2022-10-09 01:13:35',200,0,1),(7,9,'2022-10-10 01:15:22',150,0,1),(8,9,'2022-10-11 01:28:34',1200,3,1),(9,9,'2022-10-12 01:29:36',1000,1,1),(10,9,'2022-10-13 01:50:07',500,2,1),(11,9,'2022-10-06 21:49:38',101,1,1),(12,9,'2022-10-06 21:49:38',101,2,1),(13,9,'2022-10-06 21:49:38',101,2,1),(14,9,'2022-10-06 21:49:38',101,3,1),(15,9,'2022-10-06 21:49:38',101,4,1),(16,11,'2022-10-14 12:49:35',200,0,1),(17,11,'2022-10-14 12:51:33',32,1,1),(18,11,'2022-10-14 12:51:41',33,2,1),(19,11,'2022-10-14 12:51:49',34,3,1),(20,12,'2022-10-14 22:19:15',3000,0,1),(21,13,'2022-10-14 23:21:15',1000,0,1),(22,14,'2022-10-28 23:35:56',1000,0,1),(23,14,'2022-10-28 23:40:25',37,1,1),(24,15,'2022-11-02 21:38:33',20,0,1),(25,15,'2022-11-02 21:56:31',24,0,1),(26,15,'2022-11-02 21:56:58',25,0,1),(27,15,'2022-11-02 22:13:42',5,0,1),(28,4,'2022-11-03 03:13:34',5,0,1),(29,4,'2022-11-03 15:41:46',30,1,1),(30,4,'2022-11-03 15:44:10',30,1,1);
/*!40000 ALTER TABLE `control_estado_moto` ENABLE KEYS */;
UNLOCK TABLES;

--
-- Table structure for table `dispositivo`
--

DROP TABLE IF EXISTS `dispositivo`;
/*!40101 SET @saved_cs_client     = @@character_set_client */;
/*!50503 SET character_set_client = utf8mb4 */;
CREATE TABLE `dispositivo` (
  `dpoiddispositivo` int(11) NOT NULL AUTO_INCREMENT COMMENT 'Identificador de tabla.',
  `mtidmoto` int(11) NOT NULL COMMENT 'llave foranea con tabla moto.',
  `dpomarca` varchar(45) DEFAULT NULL COMMENT 'Marca de dispositivo (Tabla tipo de dispositivo).',
  `dpomodelo` varchar(45) DEFAULT NULL COMMENT '''Modelo de dispositivo (Tabla de dispositivos).''',
  `dporeferencia` varchar(45) DEFAULT NULL COMMENT '''Referencia de dispositivo.''',
  `stidestado` int(11) DEFAULT NULL COMMENT 'Estado registro (Tabla de estados de registros).',
  PRIMARY KEY (`dpoiddispositivo`),
  KEY `fk_MotoId_dispositivo_MotoId_idx` (`mtidmoto`),
  CONSTRAINT `fk_MotoId_dispositivo_MotoId` FOREIGN KEY (`mtidmoto`) REFERENCES `moto` (`mtidmoto`) ON DELETE NO ACTION ON UPDATE NO ACTION
) ENGINE=InnoDB DEFAULT CHARSET=utf8;
/*!40101 SET character_set_client = @saved_cs_client */;

--
-- Dumping data for table `dispositivo`
--

LOCK TABLES `dispositivo` WRITE;
/*!40000 ALTER TABLE `dispositivo` DISABLE KEYS */;
/*!40000 ALTER TABLE `dispositivo` ENABLE KEYS */;
UNLOCK TABLES;

--
-- Table structure for table `estado_rergistro`
--

DROP TABLE IF EXISTS `estado_rergistro`;
/*!40101 SET @saved_cs_client     = @@character_set_client */;
/*!50503 SET character_set_client = utf8mb4 */;
CREATE TABLE `estado_rergistro` (
  `stidestado` int(11) NOT NULL AUTO_INCREMENT COMMENT 'Identificador de tabla.',
  `siglas` varchar(45) NOT NULL COMMENT 'Tipo de siglas (A, I).',
  `descripcin` varchar(45) NOT NULL COMMENT 'Descripción de tipo de estado.',
  `fecharegistro` datetime NOT NULL COMMENT 'Estado registros (Tabla de estados de registros).',
  PRIMARY KEY (`stidestado`),
  UNIQUE KEY `IdEstadoRegistro_UNIQUE` (`stidestado`)
) ENGINE=InnoDB DEFAULT CHARSET=utf8;
/*!40101 SET character_set_client = @saved_cs_client */;

--
-- Dumping data for table `estado_rergistro`
--

LOCK TABLES `estado_rergistro` WRITE;
/*!40000 ALTER TABLE `estado_rergistro` DISABLE KEYS */;
/*!40000 ALTER TABLE `estado_rergistro` ENABLE KEYS */;
UNLOCK TABLES;

--
-- Table structure for table `kilometrajenotificacion`
--

DROP TABLE IF EXISTS `kilometrajenotificacion`;
/*!40101 SET @saved_cs_client     = @@character_set_client */;
/*!50503 SET character_set_client = utf8mb4 */;
CREATE TABLE `kilometrajenotificacion` (
  `knidkilometrajenoti` int(11) NOT NULL AUTO_INCREMENT COMMENT 'Identificador de tabla.',
  `mtidmoto` int(11) NOT NULL COMMENT 'llave foranea con tabla moto.',
  `evtidevento` int(11) NOT NULL COMMENT 'Id de referencia de talbla de tipos de eventos.',
  `kntkilometraje` double NOT NULL COMMENT 'Kilometraje de Notificación.',
  `nttkilometrajevalidador` double DEFAULT NULL COMMENT 'Kilometraje de mantenimiento exacto.',
  `ntfecha` datetime NOT NULL DEFAULT CURRENT_TIMESTAMP COMMENT 'Fecha de registro de proceso.',
  `stidestado` int(11) NOT NULL COMMENT 'Estado registro (Tabla de estados de registros).',
  PRIMARY KEY (`knidkilometrajenoti`),
  UNIQUE KEY `IdKilometrajeNoti_UNIQUE` (`knidkilometrajenoti`),
  KEY `fk_motoId_kilometraje_motoId_idx` (`mtidmoto`),
  CONSTRAINT `fk_motoId_kilometraje_motoId` FOREIGN KEY (`mtidmoto`) REFERENCES `moto` (`mtidmoto`) ON DELETE NO ACTION ON UPDATE NO ACTION
) ENGINE=InnoDB AUTO_INCREMENT=62 DEFAULT CHARSET=utf8;
/*!40101 SET character_set_client = @saved_cs_client */;

--
-- Dumping data for table `kilometrajenotificacion`
--

LOCK TABLES `kilometrajenotificacion` WRITE;
/*!40000 ALTER TABLE `kilometrajenotificacion` DISABLE KEYS */;
INSERT INTO `kilometrajenotificacion` VALUES (4,7,1,1,1,'2022-10-01 17:55:40',1),(5,7,1,3,3,'2022-10-01 17:55:41',2),(6,7,1,6,6,'2022-10-01 17:55:41',1),(7,7,1,5,5,'2022-10-01 17:55:41',1),(8,6,1,50,2500,'2022-10-05 13:09:11',1),(27,9,1,100,1000,'2022-10-14 01:05:16',2),(28,9,1,100,2500,'2022-10-14 02:12:46',2),(29,9,5,101,150,'2022-11-02 03:05:21',2),(30,9,3,100,2500,'2022-10-14 02:11:51',1),(31,9,3,10012,2000,'2022-10-14 02:48:54',1),(32,11,1,100,2000,'2022-10-14 12:49:59',1),(33,11,2,50,3000,'2022-10-14 12:50:20',1),(34,11,3,180,1300,'2022-10-14 12:51:16',1),(35,12,1,3000,3000,'2022-10-14 22:20:09',1),(36,13,2,456,300,'2022-10-14 23:21:51',1),(37,14,1,100,1200,'2022-10-28 23:36:46',1),(38,14,2,100,1100,'2022-10-28 23:37:25',1),(39,14,3,100,2000,'2022-10-28 23:38:21',1),(40,9,4,101,150,'2022-11-02 02:58:18',1),(41,9,1,101,1000,'2022-11-02 04:26:02',1),(42,15,1,2,34,'2022-11-02 22:14:08',1),(43,4,1,1,2,'2022-11-03 04:27:33',2),(44,4,2,2,3,'2022-11-03 04:28:52',2),(45,4,3,2,3,'2022-11-03 04:33:46',2),(46,4,4,50,5,'2022-11-03 15:18:11',2),(47,4,5,1,2,'2022-11-03 04:37:05',2),(48,4,1,5,6,'2022-11-03 04:36:26',2),(49,4,1,1,2,'2022-11-03 04:46:50',2),(50,4,2,2,3,'2022-11-03 15:10:51',2),(51,4,3,20,2,'2022-11-03 15:10:59',2),(52,4,1,1,2,'2022-11-03 16:19:11',2),(53,4,5,1,2,'2022-11-03 16:19:16',2),(54,4,2,1,2,'2022-11-03 16:19:24',2),(55,4,2,2,30,'2022-11-03 22:16:46',1),(56,4,5,4,5,'2022-11-03 16:13:16',1),(57,4,4,4,8,'2022-11-03 22:15:11',2),(58,4,3,2,3,'2022-11-03 22:15:22',2),(59,4,2,4,6,'2022-11-03 22:15:17',2),(60,4,5,7,8,'2022-11-03 16:21:30',1),(61,4,1,4,1,'2022-11-03 22:00:34',1);
/*!40000 ALTER TABLE `kilometrajenotificacion` ENABLE KEYS */;
UNLOCK TABLES;

--
-- Table structure for table `marca`
--

DROP TABLE IF EXISTS `marca`;
/*!40101 SET @saved_cs_client     = @@character_set_client */;
/*!50503 SET character_set_client = utf8mb4 */;
CREATE TABLE `marca` (
  `maidmarca` int(11) NOT NULL AUTO_INCREMENT COMMENT 'Identificador de tabla.',
  `siglas` varchar(45) NOT NULL COMMENT 'Tipo de siglas (Pulsar, Hero).',
  `descripcin` varchar(45) NOT NULL COMMENT 'Descripción de tipo de marca.',
  `fechaRegistro` datetime NOT NULL DEFAULT CURRENT_TIMESTAMP COMMENT 'Fecha de registro.',
  `stidestado` int(11) NOT NULL COMMENT 'Estado registros (Tabla de estados de registros).',
  PRIMARY KEY (`maidmarca`),
  UNIQUE KEY `IdMarca_UNIQUE` (`maidmarca`)
) ENGINE=InnoDB AUTO_INCREMENT=3 DEFAULT CHARSET=utf8;
/*!40101 SET character_set_client = @saved_cs_client */;

--
-- Dumping data for table `marca`
--

LOCK TABLES `marca` WRITE;
/*!40000 ALTER TABLE `marca` DISABLE KEYS */;
INSERT INTO `marca` VALUES (1,'PLS','Pulsar','2022-05-05 01:46:09',1),(2,'HRO','Hero','2022-05-05 01:46:10',1);
/*!40000 ALTER TABLE `marca` ENABLE KEYS */;
UNLOCK TABLES;

--
-- Table structure for table `matenimiento`
--

DROP TABLE IF EXISTS `matenimiento`;
/*!40101 SET @saved_cs_client     = @@character_set_client */;
/*!50503 SET character_set_client = utf8mb4 */;
CREATE TABLE `matenimiento` (
  `mtoidmantenimiento` int(11) NOT NULL AUTO_INCREMENT COMMENT 'Identificador de tabla.',
  `idmoto` int(11) NOT NULL COMMENT 'llave foranea con tabla moto.',
  `tmtidtipomantenimiento` int(11) DEFAULT NULL COMMENT 'Tipo de mantenimiento (Tabla tipo de mantenimiento).',
  `mtofechamantenimiento` datetime DEFAULT NULL COMMENT 'Fecha de mantenimiento.',
  `mtotienecertificado` char(1) DEFAULT NULL COMMENT '''Tiene certificado Si(S) - No(N)''',
  `mtonumcertificado` varchar(45) DEFAULT NULL COMMENT '''Numero de certificado.''',
  `mtovvalor` double DEFAULT NULL COMMENT 'Costo del mantenimeinto.',
  `mtoduracion` double DEFAULT NULL COMMENT 'Duracion de mantenimiento.',
  `stidestado` int(11) DEFAULT NULL COMMENT '''Estado registros (Tabla de estados de registros).''',
  PRIMARY KEY (`mtoidmantenimiento`),
  UNIQUE KEY `IDMantenimiento_UNIQUE` (`mtoidmantenimiento`),
  KEY `fk_MotoId_mantenimiento_MotoId_idx` (`idmoto`),
  CONSTRAINT `fk_MotoId_mantenimiento_MotoId` FOREIGN KEY (`idmoto`) REFERENCES `moto` (`mtidmoto`) ON DELETE NO ACTION ON UPDATE NO ACTION
) ENGINE=InnoDB DEFAULT CHARSET=utf8;
/*!40101 SET character_set_client = @saved_cs_client */;

--
-- Dumping data for table `matenimiento`
--

LOCK TABLES `matenimiento` WRITE;
/*!40000 ALTER TABLE `matenimiento` DISABLE KEYS */;
/*!40000 ALTER TABLE `matenimiento` ENABLE KEYS */;
UNLOCK TABLES;

--
-- Table structure for table `moto`
--

DROP TABLE IF EXISTS `moto`;
/*!40101 SET @saved_cs_client     = @@character_set_client */;
/*!50503 SET character_set_client = utf8mb4 */;
CREATE TABLE `moto` (
  `mtidmoto` int(11) NOT NULL AUTO_INCREMENT COMMENT 'Identificador de tabla.',
  `peridpersona` varchar(100) NOT NULL COMMENT 'llave foranea con tabla persona.',
  `mtreferencia` varchar(45) DEFAULT NULL COMMENT '''Numero de referncia de Moto.''',
  `mtclase` varchar(45) DEFAULT NULL COMMENT '''Tipo de clase de moto.''',
  `cleidcilindraje` int(11) DEFAULT NULL COMMENT 'Cleidcilindraje de la moto.',
  `maidmarca` int(11) DEFAULT NULL COMMENT 'Tipo de marcar de moto (Tabla de tipos de marcas).',
  `mtmodelo` varchar(45) DEFAULT NULL COMMENT '''Modelo de moto.''',
  `mtplaca` varchar(8) DEFAULT NULL COMMENT '''Placa de moto.''',
  `cbeidcombustilbe` int(11) DEFAULT NULL COMMENT 'Tipo de combustible (Tabla de tipo de combustible).',
  `mtnummotor` varchar(45) DEFAULT NULL COMMENT '''Numero de motor de moto.''',
  `mtnumchasis` varchar(45) DEFAULT NULL COMMENT '''Numero de chasis de moto.''',
  `mtvin` varchar(45) DEFAULT NULL COMMENT ''' Código único de identificación.''',
  `mtlinea` varchar(200) DEFAULT NULL COMMENT '''Linea de moto.''',
  `clidcolor` int(11) DEFAULT NULL COMMENT 'Color de moto.',
  `mtpeso` double DEFAULT NULL COMMENT 'Peso de moto.',
  `stidestado` int(11) DEFAULT NULL COMMENT 'Estado registro (Tabla de estados de registros).',
  PRIMARY KEY (`mtidmoto`),
  UNIQUE KEY `IdMoto_UNIQUE` (`mtidmoto`),
  KEY `fk_personaId_mot_personaId_idx` (`peridpersona`),
  CONSTRAINT `fk_personaId_mot_personaId` FOREIGN KEY (`peridpersona`) REFERENCES `persona` (`peridpersona`) ON DELETE NO ACTION ON UPDATE NO ACTION
) ENGINE=InnoDB AUTO_INCREMENT=17 DEFAULT CHARSET=utf8;
/*!40101 SET character_set_client = @saved_cs_client */;

--
-- Dumping data for table `moto`
--

LOCK TABLES `moto` WRITE;
/*!40000 ALTER TABLE `moto` DISABLE KEYS */;
INSERT INTO `moto` VALUES (4,'116547557361665573028',NULL,NULL,6,1,'2020','VJO543',3,NULL,NULL,NULL,NULL,3,20,1),(5,'113664237184867391864',NULL,NULL,3,1,'2019','WEB44E',1,NULL,NULL,NULL,NULL,1,NULL,1),(6,'113664237184867391864',NULL,NULL,3,1,'2022','YDL81F',3,NULL,NULL,NULL,NULL,3,NULL,1),(7,'116547557361665573028',NULL,NULL,4,1,'2020','VJO532',3,NULL,NULL,NULL,NULL,1,78,1),(9,'106857693784342141465',NULL,NULL,1,1,'2020','YDL82F',2,NULL,NULL,NULL,NULL,2,NULL,1),(10,'113664237184867391864',NULL,NULL,1,1,'2021','AJ37F',2,NULL,NULL,NULL,NULL,2,NULL,1),(11,'113664237184867391864',NULL,NULL,3,1,'2021','QJQ37F',1,NULL,NULL,NULL,NULL,1,NULL,1),(12,'107947093169781272800',NULL,NULL,3,1,'Suzuki GN125 Sport','COZ92E',4,NULL,NULL,NULL,NULL,4,107,1),(13,'102604483170885872523',NULL,' Aaaaaaa ',1,1,'2015','JDJ134',1,NULL,NULL,NULL,NULL,1,NULL,1),(14,'106857693784342141465',NULL,NULL,1,1,'2021','YDL81G',3,NULL,NULL,NULL,NULL,1,20,1),(15,'116547557361665573028',NULL,NULL,1,1,'2020','VJO583',1,NULL,NULL,NULL,NULL,1,80,1),(16,'116547557361665573028',NULL,NULL,1,1,'2020','VJO234',3,NULL,NULL,NULL,NULL,1,NULL,1);
/*!40000 ALTER TABLE `moto` ENABLE KEYS */;
UNLOCK TABLES;

--
-- Table structure for table `persona`
--

DROP TABLE IF EXISTS `persona`;
/*!40101 SET @saved_cs_client     = @@character_set_client */;
/*!50503 SET character_set_client = utf8mb4 */;
CREATE TABLE `persona` (
  `peridpersona` varchar(100) NOT NULL COMMENT 'Identificador de tabla. ',
  `tdcidtipodocumento` int(11) NOT NULL COMMENT 'Tipo de documento (Tabla de tipo de documento).',
  `pernumdocumento` varchar(100) NOT NULL COMMENT '''Numero de identificación.''',
  `pernombres` varchar(100) NOT NULL COMMENT '''Nombre de pesona.''',
  `perapellidos` varchar(25) NOT NULL COMMENT '''Nombre de pesona.''',
  `sxidtiposexo` int(11) DEFAULT NULL COMMENT 'Tipo de genero (Tabla tipo de genero).',
  `perfirmadigital` longblob COMMENT 'Firma digital de persona.',
  `perfoto` longblob COMMENT 'Foto de persona.',
  `perfechanacimiento` date DEFAULT NULL COMMENT 'Fecha nacimiento de persona.',
  `perestatura` double DEFAULT NULL COMMENT 'Estatura de persona.',
  `perpeso` double DEFAULT NULL COMMENT 'Peso de persona.',
  `trhidtiporh` int(11) DEFAULT NULL COMMENT 'Tipo sangre de persona.',
  `stidestado` int(11) DEFAULT NULL COMMENT 'Estado persona (Tabla de registro de registros).',
  PRIMARY KEY (`peridpersona`),
  UNIQUE KEY `IdPersona_UNIQUE` (`peridpersona`)
) ENGINE=InnoDB DEFAULT CHARSET=utf8;
/*!40101 SET character_set_client = @saved_cs_client */;

--
-- Dumping data for table `persona`
--

LOCK TABLES `persona` WRITE;
/*!40000 ALTER TABLE `persona` DISABLE KEYS */;
INSERT INTO `persona` VALUES ('102604483170885872523',1,'1012','pepito','perez ',2,NULL,NULL,'2022-06-05',4.5664949484994947e20,6.464849767976768e19,2,1),('106857693784342141465',1,'5971108','Andrés ','Elias Capera ',2,NULL,NULL,'2022-10-09',NULL,NULL,NULL,1),('107947093169781272800',1,'23777947','Carlos','Caballero',2,NULL,NULL,'2000-10-18',170,100,1,1),('113664237184867391864',1,'12345896','Camilo ','Ramirez ',2,NULL,NULL,'2022-10-04',NULL,NULL,NULL,1),('116547557361665573028',1,'1012401100','Diego','Mesa',2,NULL,NULL,'2022-09-02',NULL,NULL,NULL,1),('117634414056493420654',1,'1234567890','pruebas','yefer',2,NULL,NULL,'2022-10-03',NULL,NULL,NULL,1);
/*!40000 ALTER TABLE `persona` ENABLE KEYS */;
UNLOCK TABLES;

--
-- Table structure for table `plantillanotificacion`
--

DROP TABLE IF EXISTS `plantillanotificacion`;
/*!40101 SET @saved_cs_client     = @@character_set_client */;
/*!50503 SET character_set_client = utf8mb4 */;
CREATE TABLE `plantillanotificacion` (
  `idplantillanoti` int(11) NOT NULL AUTO_INCREMENT COMMENT 'Identificador de tabla.',
  `evtidevento` int(11) NOT NULL COMMENT 'llave foranea con tabla evento.',
  `fechaPlantilla` datetime DEFAULT CURRENT_TIMESTAMP COMMENT 'Fecha de registro de plantilla.',
  `texto` varchar(256) NOT NULL COMMENT 'Texto de plantilla de notificación.',
  `stidestado` int(11) NOT NULL COMMENT 'Estado registro (Tabla de estados de registros).',
  PRIMARY KEY (`idplantillanoti`),
  UNIQUE KEY `IdPlantillaNoti_UNIQUE` (`idplantillanoti`),
  UNIQUE KEY `IdEvento_UNIQUE` (`evtidevento`),
  CONSTRAINT `fk_EventoId_Plantilla_EventoId` FOREIGN KEY (`evtidevento`) REFERENCES `tipo_evento` (`evtidevento`) ON DELETE NO ACTION ON UPDATE NO ACTION
) ENGINE=InnoDB AUTO_INCREMENT=2 DEFAULT CHARSET=utf8;
/*!40101 SET character_set_client = @saved_cs_client */;

--
-- Dumping data for table `plantillanotificacion`
--

LOCK TABLES `plantillanotificacion` WRITE;
/*!40000 ALTER TABLE `plantillanotificacion` DISABLE KEYS */;
INSERT INTO `plantillanotificacion` VALUES (1,1,'2022-05-05 19:19:13','Pruebas',1);
/*!40000 ALTER TABLE `plantillanotificacion` ENABLE KEYS */;
UNLOCK TABLES;

--
-- Table structure for table `tipo_contacto`
--

DROP TABLE IF EXISTS `tipo_contacto`;
/*!40101 SET @saved_cs_client     = @@character_set_client */;
/*!50503 SET character_set_client = utf8mb4 */;
CREATE TABLE `tipo_contacto` (
  `ctoidcontacto` int(11) NOT NULL AUTO_INCREMENT COMMENT 'Identificador de tabla.',
  `siglas` varchar(45) NOT NULL COMMENT 'Tipo de siglas (TL-CL).',
  `descripcin` varchar(45) NOT NULL COMMENT 'Descripción de tipo de Contacto.',
  `fechaRegistro` datetime NOT NULL DEFAULT CURRENT_TIMESTAMP COMMENT 'Fecha de registro.',
  `stidestado` int(11) NOT NULL COMMENT 'Estado registros (Tabla de estados de registros).',
  PRIMARY KEY (`ctoidcontacto`),
  UNIQUE KEY `IdTipoRH_UNIQUE` (`ctoidcontacto`)
) ENGINE=InnoDB AUTO_INCREMENT=4 DEFAULT CHARSET=utf8;
/*!40101 SET character_set_client = @saved_cs_client */;

--
-- Dumping data for table `tipo_contacto`
--

LOCK TABLES `tipo_contacto` WRITE;
/*!40000 ALTER TABLE `tipo_contacto` DISABLE KEYS */;
INSERT INTO `tipo_contacto` VALUES (1,'TLF','Telefono','2022-05-05 01:42:29',1),(2,'CLA','Celular','2022-05-05 01:42:29',1),(3,'DRO','Dirección','2022-05-05 01:42:29',1);
/*!40000 ALTER TABLE `tipo_contacto` ENABLE KEYS */;
UNLOCK TABLES;

--
-- Table structure for table `tipo_documento`
--

DROP TABLE IF EXISTS `tipo_documento`;
/*!40101 SET @saved_cs_client     = @@character_set_client */;
/*!50503 SET character_set_client = utf8mb4 */;
CREATE TABLE `tipo_documento` (
  `tdcidtipodocumento` int(11) NOT NULL AUTO_INCREMENT COMMENT 'Identificador de tabla.',
  `siglas` varchar(45) NOT NULL COMMENT 'Tipo de siglas (CC, TI).',
  `descripcin` varchar(45) NOT NULL COMMENT 'Descripción de tipo de documento.',
  `fechaRegistro` datetime NOT NULL DEFAULT CURRENT_TIMESTAMP COMMENT 'Fecha de registro.',
  `stidestado` int(11) NOT NULL COMMENT 'Estado registros (Tabla de estados de registros).',
  PRIMARY KEY (`tdcidtipodocumento`),
  UNIQUE KEY `IdTipoDocmuento_UNIQUE` (`tdcidtipodocumento`)
) ENGINE=InnoDB AUTO_INCREMENT=7 DEFAULT CHARSET=utf8;
/*!40101 SET character_set_client = @saved_cs_client */;

--
-- Dumping data for table `tipo_documento`
--

LOCK TABLES `tipo_documento` WRITE;
/*!40000 ALTER TABLE `tipo_documento` DISABLE KEYS */;
INSERT INTO `tipo_documento` VALUES (1,'CC','CEDULA DE CIUDADANIA','2022-05-05 01:51:14',1),(2,'CE','CEDULA DE EXTRANJERIA','2022-05-05 01:51:14',1),(3,'NIP','NUMERO DE IDENTIFICACION PERSONAL','2022-05-05 01:51:14',1),(4,'NIT','NUMERO DE IDENTIFICACION TRIBUTARIA','2022-05-05 01:51:14',1),(5,'TI','TARJETA DE IDENTIDAD','2022-05-05 01:51:14',1),(6,'PAP','PASAPORTE','2022-05-05 01:51:15',1);
/*!40000 ALTER TABLE `tipo_documento` ENABLE KEYS */;
UNLOCK TABLES;

--
-- Table structure for table `tipo_evento`
--

DROP TABLE IF EXISTS `tipo_evento`;
/*!40101 SET @saved_cs_client     = @@character_set_client */;
/*!50503 SET character_set_client = utf8mb4 */;
CREATE TABLE `tipo_evento` (
  `evtidevento` int(11) NOT NULL AUTO_INCREMENT COMMENT 'Identificador de tabla.',
  `siglas` varchar(45) NOT NULL COMMENT 'Tipo de siglas (Cambio, Alerta).',
  `descripcion` varchar(45) NOT NULL COMMENT 'Descripción de tipo de evento.',
  `fechaRegistro` datetime NOT NULL DEFAULT CURRENT_TIMESTAMP COMMENT 'Fecha de registro.',
  `stidestado` int(11) NOT NULL COMMENT 'Estado registros (Tabla de estados de registros).',
  PRIMARY KEY (`evtidevento`),
  UNIQUE KEY `IdTipoEvento_UNIQUE` (`evtidevento`)
) ENGINE=InnoDB AUTO_INCREMENT=6 DEFAULT CHARSET=utf8;
/*!40101 SET character_set_client = @saved_cs_client */;

--
-- Dumping data for table `tipo_evento`
--

LOCK TABLES `tipo_evento` WRITE;
/*!40000 ALTER TABLE `tipo_evento` DISABLE KEYS */;
INSERT INTO `tipo_evento` VALUES (1,'CAE','Cambio de Aceite','2022-05-05 01:56:08',1),(2,'CLT','Cambio de Llantas','2022-05-05 01:56:08',1),(3,'CPF','Cambio de pastillas de Frenos','2022-05-05 01:56:08',1),(4,'CGF','Cambio de gualla de Freno','2022-05-05 01:56:08',1),(5,'CGA','Cambio  de gualla de Acelerador','2022-05-05 01:56:08',1);
/*!40000 ALTER TABLE `tipo_evento` ENABLE KEYS */;
UNLOCK TABLES;

--
-- Table structure for table `tipo_mantenimeinto`
--

DROP TABLE IF EXISTS `tipo_mantenimeinto`;
/*!40101 SET @saved_cs_client     = @@character_set_client */;
/*!50503 SET character_set_client = utf8mb4 */;
CREATE TABLE `tipo_mantenimeinto` (
  `tmtidtipomantenimiento` int(11) NOT NULL AUTO_INCREMENT COMMENT 'Identificador de tabla.',
  `siglas` varchar(45) NOT NULL COMMENT 'Tipo de siglas (Aceite, Tecno).',
  `descripcin` varchar(45) NOT NULL COMMENT 'Descripción de tipo de mantenimiento.',
  `fechaRegistro` datetime NOT NULL COMMENT 'Fecha de registro.',
  `stidestado` int(11) NOT NULL COMMENT 'Estado registros (Tabla de estados de registros).',
  PRIMARY KEY (`tmtidtipomantenimiento`),
  UNIQUE KEY `IdTipoMantenimeinto_UNIQUE` (`tmtidtipomantenimiento`)
) ENGINE=InnoDB DEFAULT CHARSET=utf8;
/*!40101 SET character_set_client = @saved_cs_client */;

--
-- Dumping data for table `tipo_mantenimeinto`
--

LOCK TABLES `tipo_mantenimeinto` WRITE;
/*!40000 ALTER TABLE `tipo_mantenimeinto` DISABLE KEYS */;
/*!40000 ALTER TABLE `tipo_mantenimeinto` ENABLE KEYS */;
UNLOCK TABLES;

--
-- Table structure for table `tipo_rh`
--

DROP TABLE IF EXISTS `tipo_rh`;
/*!40101 SET @saved_cs_client     = @@character_set_client */;
/*!50503 SET character_set_client = utf8mb4 */;
CREATE TABLE `tipo_rh` (
  `trhidtiporh` int(11) NOT NULL AUTO_INCREMENT COMMENT 'Identificador de tabla.',
  `siglas` varchar(45) NOT NULL COMMENT 'Tipo de siglas (O+, A-).',
  `descripcin` varchar(45) NOT NULL COMMENT 'Descripción de tipo de RH.',
  `fechaRegistro` datetime NOT NULL DEFAULT CURRENT_TIMESTAMP COMMENT 'Fecha de registro.',
  `stidestado` int(11) NOT NULL COMMENT 'Estado registros (Tabla de estados de registros).',
  PRIMARY KEY (`trhidtiporh`),
  UNIQUE KEY `IdTipoRH_UNIQUE` (`trhidtiporh`)
) ENGINE=InnoDB AUTO_INCREMENT=3 DEFAULT CHARSET=utf8;
/*!40101 SET character_set_client = @saved_cs_client */;

--
-- Dumping data for table `tipo_rh`
--

LOCK TABLES `tipo_rh` WRITE;
/*!40000 ALTER TABLE `tipo_rh` DISABLE KEYS */;
INSERT INTO `tipo_rh` VALUES (1,'O+','O+','2022-05-05 01:58:17',1),(2,'E-','E-','2022-05-05 01:58:17',1);
/*!40000 ALTER TABLE `tipo_rh` ENABLE KEYS */;
UNLOCK TABLES;

--
-- Table structure for table `tipo_sexo`
--

DROP TABLE IF EXISTS `tipo_sexo`;
/*!40101 SET @saved_cs_client     = @@character_set_client */;
/*!50503 SET character_set_client = utf8mb4 */;
CREATE TABLE `tipo_sexo` (
  `sxidtiposexo` int(11) NOT NULL AUTO_INCREMENT COMMENT 'Identificador de tabla.',
  `siglas` varchar(45) NOT NULL COMMENT 'Tipo de siglas (F, M).',
  `descripcin` varchar(45) NOT NULL COMMENT 'Descripción de tipo de sexo.',
  `fechaRegistro` datetime NOT NULL DEFAULT CURRENT_TIMESTAMP COMMENT 'Fecha de registro.',
  `stidestado` int(11) NOT NULL COMMENT 'Estado registros (Tabla de estados de registros).',
  PRIMARY KEY (`sxidtiposexo`),
  UNIQUE KEY `IdTipoSexo_UNIQUE` (`sxidtiposexo`)
) ENGINE=InnoDB AUTO_INCREMENT=3 DEFAULT CHARSET=utf8;
/*!40101 SET character_set_client = @saved_cs_client */;

--
-- Dumping data for table `tipo_sexo`
--

LOCK TABLES `tipo_sexo` WRITE;
/*!40000 ALTER TABLE `tipo_sexo` DISABLE KEYS */;
INSERT INTO `tipo_sexo` VALUES (1,'F','Femenino','2022-05-05 02:01:19',1),(2,'M','Masculino','2022-05-05 02:01:19',1);
/*!40000 ALTER TABLE `tipo_sexo` ENABLE KEYS */;
UNLOCK TABLES;

--
-- Dumping events for database 'geomot'
--

--
-- Dumping routines for database 'geomot'
--
/*!50003 DROP PROCEDURE IF EXISTS `getControlEstadoMoto` */;
/*!50003 SET @saved_cs_client      = @@character_set_client */ ;
/*!50003 SET @saved_cs_results     = @@character_set_results */ ;
/*!50003 SET @saved_col_connection = @@collation_connection */ ;
/*!50003 SET character_set_client  = utf8mb4 */ ;
/*!50003 SET character_set_results = utf8mb4 */ ;
/*!50003 SET collation_connection  = utf8mb4_general_ci */ ;
/*!50003 SET @saved_sql_mode       = @@sql_mode */ ;
/*!50003 SET sql_mode              = 'ONLY_FULL_GROUP_BY,STRICT_TRANS_TABLES,NO_ZERO_IN_DATE,NO_ZERO_DATE,ERROR_FOR_DIVISION_BY_ZERO,NO_AUTO_CREATE_USER' */ ;
DELIMITER ;;
CREATE DEFINER=`GEOMOT`@`%` PROCEDURE `getControlEstadoMoto`(IN mtidmoto NUMERIC(2), IN evtidevento NUMERIC(2), OUT data VARCHAR(5000))
BEGIN
IF (evtidevento = 0) OR (evtidevento IS NULL) THEN
SELECT JSON_OBJECT('controlEstadoMotoDTOList',
(SELECT JSON_ARRAYAGG(
JSON_OBJECT(
'idControlMoto', CT.cemidcontrolmoto,
'idMoto', CT.mtidmoto,
'fecha',  DATE_FORMAT(CT.cmfecha, '%m/%d/%Y %H:%i:%s'),
'kilometraje', CT.cemkilometraje,
'evtidevento', CT.evtidevento,
'estadoControlMoto', CT.stidestado
))FROM geomot.control_estado_moto CT 
WHERE CT.mtidmoto = mtidmoto AND CT.stidestado = 1 AND CT.evtidevento = 0 order by date(CT.cmfecha) DESC)
) INTO data;
ELSE
SELECT JSON_OBJECT('controlEstadoMotoDTOList',
(SELECT JSON_ARRAYAGG(
JSON_OBJECT(
'idControlMoto', CT.cemidcontrolmoto,
'idMoto', CT.mtidmoto,
'fecha', DATE_FORMAT(CT.cmfecha, '%m/%d/%Y %H:%i:%s'),
'kilometraje', CT.cemkilometraje,
'evtidevento', CT.evtidevento,
'descripcion', EV.descripcion,
'estadoControlMoto', CT.stidestado
))FROM geomot.control_estado_moto CT INNER JOIN GEOMOT.tipo_evento AS EV 
ON EV.evtidevento = CT.evtidevento WHERE CT.mtidmoto = mtidmoto AND CT.evtidevento > 0 AND CT.stidestado = 1 order by date(CT.cmfecha) DESC)
) INTO data;
END IF;
END ;;
DELIMITER ;
/*!50003 SET sql_mode              = @saved_sql_mode */ ;
/*!50003 SET character_set_client  = @saved_cs_client */ ;
/*!50003 SET character_set_results = @saved_cs_results */ ;
/*!50003 SET collation_connection  = @saved_col_connection */ ;
/*!50003 DROP PROCEDURE IF EXISTS `getEventoPlantilla` */;
/*!50003 SET @saved_cs_client      = @@character_set_client */ ;
/*!50003 SET @saved_cs_results     = @@character_set_results */ ;
/*!50003 SET @saved_col_connection = @@collation_connection */ ;
/*!50003 SET character_set_client  = utf8mb4 */ ;
/*!50003 SET character_set_results = utf8mb4 */ ;
/*!50003 SET collation_connection  = utf8mb4_general_ci */ ;
/*!50003 SET @saved_sql_mode       = @@sql_mode */ ;
/*!50003 SET sql_mode              = 'ONLY_FULL_GROUP_BY,STRICT_TRANS_TABLES,NO_ZERO_IN_DATE,NO_ZERO_DATE,ERROR_FOR_DIVISION_BY_ZERO,NO_AUTO_CREATE_USER' */ ;
DELIMITER ;;
CREATE DEFINER=`GEOMOT`@`%` PROCEDURE `getEventoPlantilla`(IN idEvento NUMERIC(2), OUT data VARCHAR(5000))
BEGIN
IF (idEvento = 0) OR (idEvento IS NULL) THEN
SELECT JSON_OBJECT('eventoLista',
(SELECT JSON_ARRAYAGG(
JSON_OBJECT(
'id', evtidevento,
'siglas', siglas,
'descripcin', descripcion,
'fechaRegistro', fechaRegistro,
'estadoCombustible', stidestado
)
) FROM GEOMOT.tipo_evento WHERE stidestado = 1),
'plantillaLista',
(SELECT JSON_ARRAYAGG(
JSON_OBJECT(
'idplantillanoti', idplantillanoti,
'evtidevento', evtidevento,
'fechaPlantilla', fechaPlantilla,
'texto', texto,
'stidestado', stidestado
)) FROM GEOMOT.plantillanotificacion WHERE stidestado = 1)
) INTO data;
ELSE
SELECT JSON_OBJECT('eventoLista',
(SELECT JSON_ARRAYAGG(
JSON_OBJECT(
'id', evtidevento,
'siglas', siglas,
'descripcin', descripcion,
'fechaRegistro', fechaRegistro,
'estadoCombustible', stidestado
)
) FROM GEOMOT.tipo_evento WHERE stidestado = 1 AND evtidevento = idEvento),
'plantillaLista',
(SELECT JSON_ARRAYAGG(
JSON_OBJECT(
'idplantillanoti', idplantillanoti,
'evtidevento', evtidevento,
'fechaPlantilla', fechaPlantilla,
'texto', texto,
'stidestado', stidestado
)) FROM GEOMOT.plantillanotificacion WHERE stidestado = 1 AND evtidevento = idEvento)
) INTO data;
END IF;
END ;;
DELIMITER ;
/*!50003 SET sql_mode              = @saved_sql_mode */ ;
/*!50003 SET character_set_client  = @saved_cs_client */ ;
/*!50003 SET character_set_results = @saved_cs_results */ ;
/*!50003 SET collation_connection  = @saved_col_connection */ ;
/*!50003 DROP PROCEDURE IF EXISTS `getInfoMotoPersona` */;
/*!50003 SET @saved_cs_client      = @@character_set_client */ ;
/*!50003 SET @saved_cs_results     = @@character_set_results */ ;
/*!50003 SET @saved_col_connection = @@collation_connection */ ;
/*!50003 SET character_set_client  = utf8mb4 */ ;
/*!50003 SET character_set_results = utf8mb4 */ ;
/*!50003 SET collation_connection  = utf8mb4_general_ci */ ;
/*!50003 SET @saved_sql_mode       = @@sql_mode */ ;
/*!50003 SET sql_mode              = 'ONLY_FULL_GROUP_BY,STRICT_TRANS_TABLES,NO_ZERO_IN_DATE,NO_ZERO_DATE,ERROR_FOR_DIVISION_BY_ZERO,NO_AUTO_CREATE_USER' */ ;
DELIMITER ;;
CREATE DEFINER=`GEOMOT`@`%` PROCEDURE `getInfoMotoPersona`(IN tipoDocument NUMERIC(2), IN numDocument VARCHAR(12) , IN numPlaca VARCHAR(12), IN param VARCHAR(30), OUT data LONGTEXT)
BEGIN
DECLARE var_idPersona VARCHAR(100);
DECLARE var_idMoto INT DEFAULT 0;
DECLARE var_JSON LONGTEXT;
DECLARE var_JSON_PERSONA LONGTEXT;
DECLARE var_JSON_CONTACTO LONGTEXT;
DECLARE var_JSON_MOTO LONGTEXT;
DECLARE var_JSON_KILNOTIFICACION LONGTEXT;
set var_JSON = '{  
			"personaDTO": null,
			"contactoDTOList": null,
            "motoDTO": null,
            "kilometrajenotificacionDTOList": null
 }';
IF numPlaca IS NOT NULL THEN
SELECT PER.peridpersona INTO var_idPersona
FROM GEOMOT.persona AS PER LEFT JOIN GEOMOT.moto AS MTO
ON MTO.peridpersona = PER.peridpersona
WHERE PER.tdcidtipodocumento = tipoDocument AND PER.pernumdocumento = numDocument AND MTO.mtplaca = numPlaca
AND PER.stidestado = 1 AND MTO.stidestado = 1;

 SELECT MTO.mtidmoto INTO var_idMoto
FROM GEOMOT.persona AS PER INNER JOIN GEOMOT.moto AS MTO
ON MTO.peridpersona = PER.peridpersona
WHERE PER.tdcidtipodocumento = tipoDocument AND PER.pernumdocumento = numDocument AND MTO.mtplaca = numPlaca
AND PER.stidestado = 1 AND MTO.stidestado = 1;
ELSE
SELECT PER.peridpersona INTO var_idPersona
FROM GEOMOT.persona AS PER
WHERE PER.tdcidtipodocumento = tipoDocument AND PER.pernumdocumento = numDocument
AND PER.stidestado = 1;
END IF;
IF  var_idPersona > 0 THEN
	IF  param = 'PERSONA_CONTACTO' OR param IS NULL THEN
		SELECT JSON_OBJECT(
		'idPersona', peridpersona,
		'tipoDocumento', tdcidtipodocumento,
		'numDocumento', pernumdocumento,
		'nombres', pernombres,
		'apellidos', perapellidos,
		'sexo', sxidtiposexo,
		'firmaDigital', convert(perfirmadigital using utf8),
		'foto', convert(perfoto using utf8),
		'fechaNacimiento', perfechanacimiento,
		'estatura', perestatura,
		'peso', perpeso,
		'tipoRh', trhidtiporh,
		'estadoPersona', stidestado) FROM GEOMOT.persona WHERE peridpersona = var_idPersona AND stidestado = 1 INTO var_JSON_PERSONA;
        
        SELECT JSON_ARRAYAGG(
		JSON_OBJECT(
		'idContacto', CT.ctoidcontacto,
		'idPersona', CT.peridpersona,
		'tipocontacto', CT.ctoidcontacto,
        'descripcin', TC.descripcin,
		'valor', CT.ctovalor,
		'estadoContacto', CT.stidestado)) FROM GEOMOT.contacto CT INNER JOIN GEOMOT.tipo_contacto TC 
										  ON CT.ctotipocontacto = TC.ctoidcontacto
                                          WHERE CT.peridpersona = var_idPersona AND CT.stidestado = 1 INTO var_JSON_CONTACTO;
	END IF;
    
    IF  param = 'MOTO' OR param IS NULL THEN
		SELECT JSON_OBJECT('idMoto', mtidmoto,
		'idPersona', peridpersona,
		'referencia', mtclase,
		'clase', mtclase,
		'cleidcilindraje', cleidcilindraje,
		'marca', maidmarca,
		'modelo', mtmodelo,
		'placa', mtplaca,
		'combustilbe', cbeidcombustilbe,
		'numMotor', mtnummotor,
		'numChasis', mtnumchasis,
		'vin', mtvin,
		'linea', mtlinea,
		'color', clidcolor,
		'peso', mtpeso,
		'estadoMoto', stidestado)
		FROM GEOMOT.moto WHERE peridpersona = var_idPersona AND mtidmoto = var_idMoto AND stidestado = 1 INTO var_JSON_MOTO;
    END IF;
    
    IF  param = 'KILOMETRAJENOTI' OR param IS NULL THEN
        SELECT JSON_ARRAYAGG(
		JSON_OBJECT(
		'knidkilometrajenoti', KIL.knidkilometrajenoti,
		'mtidmoto', KIL.mtidmoto,
		'evtidevento', KIL.evtidevento,
        'descripcin', EV.descripcion,
		'kilometrajevalidador', KIL.nttkilometrajevalidador,
		'kntkilometraje', KIL.kntkilometraje,
		'ntfecha', KIL.ntfecha,
		'stidestado', KIL.stidestado)) FROM GEOMOT.kilometrajenotificacion AS KIL INNER JOIN GEOMOT.tipo_evento AS EV 
                                   ON EV.evtidevento = KIL.evtidevento
                                   WHERE KIL.mtidmoto = var_idMoto AND KIL.stidestado = 1 INTO var_JSON_KILNOTIFICACION;
    END IF;
END IF;

IF var_JSON_PERSONA IS NOT NULL OR var_JSON_CONTACTO IS NOT NULL OR var_JSON_MOTO IS NOT NULL OR var_JSON_KILNOTIFICACION IS NOT NULL THEN
SET data = (SELECT JSON_SET(var_JSON, 
           '$.personaDTO', (CONVERT(var_JSON_PERSONA, JSON)), 
           '$.contactoDTOList', (CONVERT(var_JSON_CONTACTO, JSON)), 
           '$.motoDTO', (CONVERT(var_JSON_MOTO, JSON)), 
           '$.motoDTO', (CONVERT(var_JSON_MOTO, JSON)), 
           '$.kilometrajenotificacionDTOList', (CONVERT(var_JSON_KILNOTIFICACION, JSON)) ));
END IF;

END ;;
DELIMITER ;
/*!50003 SET sql_mode              = @saved_sql_mode */ ;
/*!50003 SET character_set_client  = @saved_cs_client */ ;
/*!50003 SET character_set_results = @saved_cs_results */ ;
/*!50003 SET collation_connection  = @saved_col_connection */ ;
/*!50003 DROP PROCEDURE IF EXISTS `listasMaestras` */;
/*!50003 SET @saved_cs_client      = @@character_set_client */ ;
/*!50003 SET @saved_cs_results     = @@character_set_results */ ;
/*!50003 SET @saved_col_connection = @@collation_connection */ ;
/*!50003 SET character_set_client  = utf8 */ ;
/*!50003 SET character_set_results = utf8 */ ;
/*!50003 SET collation_connection  = utf8_general_ci */ ;
/*!50003 SET @saved_sql_mode       = @@sql_mode */ ;
/*!50003 SET sql_mode              = 'ONLY_FULL_GROUP_BY,STRICT_TRANS_TABLES,NO_ZERO_IN_DATE,NO_ZERO_DATE,ERROR_FOR_DIVISION_BY_ZERO,NO_ENGINE_SUBSTITUTION' */ ;
DELIMITER ;;
CREATE DEFINER=`GEOMOT`@`%` PROCEDURE `listasMaestras`(IN tipoDato VARCHAR(100), OUT data VARCHAR(5000))
BEGIN
IF tipoDato = "COMBUSTILBE" THEN
SELECT JSON_OBJECT('listaMaestraDTO',
(SELECT JSON_ARRAYAGG(
JSON_OBJECT(
'id', cbeidcombustilbe,
'siglas', siglas,
'descripcin', descripcin,
'fechaRegistro', fechaRegistro,
'estadoCombustible', stidestado
)
) FROM GEOMOT.combustible WHERE stidestado = 1)) INTO data;
END IF;
IF tipoDato = "CILINDRAJE" THEN
SELECT JSON_OBJECT('listaMaestraDTO',
(SELECT JSON_ARRAYAGG(
JSON_OBJECT(
'id', cleidcilindraje,
'siglas', siglas,
'descripcin', descripcin,
'fechaRegistro', fechaRegistro,
'estadoCombustible', stidestado
)
) FROM GEOMOT.cilindraje WHERE stidestado = 1)) INTO data;
END IF;
IF tipoDato = "COLOR" THEN
SELECT JSON_OBJECT('listaMaestraDTO',
(SELECT JSON_ARRAYAGG(
JSON_OBJECT(
'id', clidcolor,
'siglas', siglas,
'descripcin', descripcin,
'fechaRegistro', fechaRegistro,
'estadoCombustible', stidestado
)
) FROM GEOMOT.color WHERE stidestado = 1)) INTO data;
END IF;
IF tipoDato = "CONTACTO" THEN
SELECT JSON_OBJECT('listaMaestraDTO',
(SELECT JSON_ARRAYAGG(
JSON_OBJECT(
'id', ctoidcontacto,
'siglas', siglas,
'descripcin', descripcin,
'fechaRegistro', fechaRegistro,
'estadoCombustible', stidestado
)
) FROM GEOMOT.tipo_contacto WHERE stidestado = 1)) INTO data;
END IF;
IF tipoDato = "MARCA" THEN
SELECT JSON_OBJECT('listaMaestraDTO',
(SELECT JSON_ARRAYAGG(
JSON_OBJECT(
'id', maidmarca,
'siglas', siglas,
'descripcin', descripcin,
'fechaRegistro', fechaRegistro,
'estadoCombustible', stidestado
)
) FROM GEOMOT.marca WHERE stidestado = 1)) INTO data;
END IF;
IF tipoDato = "TIPODOCUMENTO" THEN
SELECT JSON_OBJECT('listaMaestraDTO',
(SELECT JSON_ARRAYAGG(
JSON_OBJECT(
'id', tdcidtipodocumento,
'siglas', siglas,
'descripcin', descripcin,
'fechaRegistro', fechaRegistro,
'estadoCombustible', stidestado
)
) FROM GEOMOT.tipo_documento WHERE stidestado = 1)) INTO data;
END IF;
IF tipoDato = "TIPORH" THEN
SELECT JSON_OBJECT('listaMaestraDTO',
(SELECT JSON_ARRAYAGG(
JSON_OBJECT(
'id', trhidtiporh,
'siglas', siglas,
'descripcin', descripcin,
'fechaRegistro', fechaRegistro,
'estadoCombustible', stidestado
)
) FROM GEOMOT.tipo_rh WHERE stidestado = 1)) INTO data;
END IF;
IF tipoDato = "TIPOSEXO" THEN
SELECT JSON_OBJECT('listaMaestraDTO',
(SELECT JSON_ARRAYAGG(
JSON_OBJECT(
'id', sxidtiposexo,
'siglas', siglas,
'descripcin', descripcin,
'fechaRegistro', fechaRegistro,
'estadoCombustible', stidestado
)
) FROM GEOMOT.tipo_sexo WHERE stidestado = 1)) INTO data;
END IF;
END ;;
DELIMITER ;
/*!50003 SET sql_mode              = @saved_sql_mode */ ;
/*!50003 SET character_set_client  = @saved_cs_client */ ;
/*!50003 SET character_set_results = @saved_cs_results */ ;
/*!50003 SET collation_connection  = @saved_col_connection */ ;
/*!50003 DROP PROCEDURE IF EXISTS `notificaciones` */;
/*!50003 SET @saved_cs_client      = @@character_set_client */ ;
/*!50003 SET @saved_cs_results     = @@character_set_results */ ;
/*!50003 SET @saved_col_connection = @@collation_connection */ ;
/*!50003 SET character_set_client  = utf8 */ ;
/*!50003 SET character_set_results = utf8 */ ;
/*!50003 SET collation_connection  = utf8_general_ci */ ;
/*!50003 SET @saved_sql_mode       = @@sql_mode */ ;
/*!50003 SET sql_mode              = 'ONLY_FULL_GROUP_BY,STRICT_TRANS_TABLES,NO_ZERO_IN_DATE,NO_ZERO_DATE,ERROR_FOR_DIVISION_BY_ZERO,NO_ENGINE_SUBSTITUTION' */ ;
DELIMITER ;;
CREATE DEFINER=`GEOMOT`@`%` PROCEDURE `notificaciones`( IN mtIdMoto NUMERIC, OUT data LONGTEXT)
BEGIN
/*VARIALBES DE VALIDACIONES*/
DECLARE v_kilometrajenotificacion INTEGER DEFAULT 0;
DECLARE v_cemidcontrolmoto INTEGER DEFAULT 0;
DECLARE v_cemkilometrajeAcumulado double;
DECLARE v_cemkilometraje double;
DECLARE v_data LONGTEXT DEFAULT NULL;


/*VARIABLES DE CONSULTA DE TABLA kilometrajenotificacion*/
DECLARE v_knidkilometrajenoti INTEGER;
DECLARE v_mtidmoto INTEGER;
DECLARE v_evtidevento INTEGER;
DECLARE v_kntkilometraje double;
DECLARE v_nttkilometrajevalidador double;
DECLARE v_ntfecha datetime;
DECLARE v_ntduracion double;
DECLARE v_ntnumrepeticion INT;
DECLARE v_nttiemporepeticion double;
DECLARE v_stidestado INTEGER;
DECLARE fin INTEGER DEFAULT 0;

/* CONSULTA DE LISTADO DE NOTIFICAIONES POR ID DE VEHICULO*/
DECLARE articulos_categoria_cursor CURSOR FOR
SELECT `knidkilometrajenoti`,
		`mtidmoto`,
		`evtidevento`,
		`kntkilometraje`,
		`nttkilometrajevalidador`,
		`ntfecha`,
		`ntduracion`,
		`ntnumrepeticion`,
		`nttiemporepeticion`,
		`stidestado` FROM `GEOMOT`.`kilometrajenotificacion` WHERE mtidmoto = mtIdMoto;
DECLARE CONTINUE HANDLER FOR NOT FOUND SET fin=1;
SET data = NULL;

SET v_kilometrajenotificacion = (SELECT COUNT(knidkilometrajenoti) FROM `GEOMOT`.`kilometrajenotificacion` WHERE mtidmoto = mtIdMoto);

IF  v_kilometrajenotificacion > 0 THEN
		/*CREACION DE TABLA TEMPORAL PARA LOGICA CALCULOS*/
	CREATE TEMPORARY TABLE `GEOMOT`.dataValid(
	  `d_mtidmoto` int(11) NOT NULL COMMENT 'Identificador de tabla.',
	  `d_evtidevento` int(11) NOT NULL COMMENT 'Id de referencia de talbla de tipos de eventos.',
	  `d_kntkilometraje` double NOT NULL COMMENT 'Kilometraje de Notificación.',
	  `d_nttkilometrajevalidador` double NOT NULL COMMENT 'Kilometraje de mantenimiento exacto.',
	  `d_ntfecha`  datetime NOT NULL DEFAULT CURRENT_TIMESTAMP COMMENT 'Fecha de registro.',
	  `d_ntduracion` double NOT NULL COMMENT 'Duración de primera notificación.',
	  `d_kntkilometrajeSum` double NOT NULL COMMENT 'Suma Kilometraje recorrido'
	);
	COMMIT;

	OPEN articulos_categoria_cursor;
	loop1: LOOP
	FETCH articulos_categoria_cursor INTO v_knidkilometrajenoti, v_mtidmoto, v_evtidevento, v_kntkilometraje, v_nttkilometrajevalidador, v_ntfecha, v_ntduracion, v_ntnumrepeticion, v_nttiemporepeticion, v_stidestado;
	SET v_cemidcontrolmoto = 0;
	SET v_cemkilometraje = 0;
	IF fin = 1 THEN
	  LEAVE loop1;
	END IF;
	/*VALIDACION DE EXITENCIA DE EVENTO DE MANTENIMIENTO EN TALBA CONTROL DE ESTADO*/
	SET v_cemidcontrolmoto = (SELECT IFNULL((SELECT cemidcontrolmoto FROM GEOMOT.control_estado_moto WHERE cmfecha = (SELECT MAX(`cmfecha`)FROM GEOMOT.control_estado_moto WHERE evtidevento = v_evtidevento AND mtidmoto = v_mtidmoto)),0));
    IF  v_cemidcontrolmoto > 0 THEN
    SET v_cemkilometrajeAcumulado = (SELECT IFNULL((SELECT cemkilometraje FROM GEOMOT.control_estado_moto WHERE cmfecha = (SELECT MAX(`cmfecha`)FROM GEOMOT.control_estado_moto WHERE evtidevento = v_evtidevento AND mtidmoto = v_mtidmoto)),0));
		/*SUMATORIA DE KILOMETRAJES APARTIR DE REGISTRO DE MANTENIMIENTO REALIZADO*/
		SET v_cemkilometraje = (SELECT SUM(cemkilometraje) FROM GEOMOT.control_estado_moto WHERE cemidcontrolmoto >= v_cemidcontrolmoto AND mtidmoto = v_mtidmoto) ;
		SET v_cemkilometraje = (v_cemkilometraje - v_cemkilometrajeAcumulado);
		ELSE
			/*SUMATORIA DE KILOMETRAJES POR ID DE MOTO*/
			SET v_cemkilometraje =	(SELECT SUM(cemkilometraje) FROM GEOMOT.control_estado_moto WHERE mtidmoto = v_mtidmoto);
	END IF;

	INSERT INTO `GEOMOT`.`dataValid` (`d_mtidmoto`, `d_evtidevento`, `d_kntkilometraje`, `d_nttkilometrajevalidador`, `d_ntfecha`, `d_ntduracion`, `d_kntkilometrajeSum`)
							  VALUES (v_mtidmoto,  v_evtidevento,   v_kntkilometraje,   v_nttkilometrajevalidador,   v_ntfecha,   v_ntduracion,   v_cemkilometraje);
	END LOOP loop1;

	CLOSE articulos_categoria_cursor;

	SELECT JSON_OBJECT('notificacionList',
	(SELECT JSON_ARRAYAGG(
	JSON_OBJECT(
	'dmtidmoto', d_mtidmoto,
	'devtidevento', d_evtidevento,
	'dkntkilometraje', d_kntkilometraje,
	'dnttkilometrajevalidador', d_nttkilometrajevalidador,
	'dntduracion', d_ntduracion,
	'dntfecha', d_ntfecha,
	'dkntkilometrajeSum', d_kntkilometrajeSum
	)
	) FROM `GEOMOT`.dataValid WHERE (d_nttkilometrajevalidador - d_kntkilometraje) >= d_kntkilometrajeSum)) INTO v_data;

	DROP TABLE `GEOMOT`.dataValid;
	COMMIT;

END IF;

SET data = v_data;
END ;;
DELIMITER ;
/*!50003 SET sql_mode              = @saved_sql_mode */ ;
/*!50003 SET character_set_client  = @saved_cs_client */ ;
/*!50003 SET character_set_results = @saved_cs_results */ ;
/*!50003 SET collation_connection  = @saved_col_connection */ ;
/*!40103 SET TIME_ZONE=@OLD_TIME_ZONE */;

/*!40101 SET SQL_MODE=@OLD_SQL_MODE */;
/*!40014 SET FOREIGN_KEY_CHECKS=@OLD_FOREIGN_KEY_CHECKS */;
/*!40014 SET UNIQUE_CHECKS=@OLD_UNIQUE_CHECKS */;
/*!40101 SET CHARACTER_SET_CLIENT=@OLD_CHARACTER_SET_CLIENT */;
/*!40101 SET CHARACTER_SET_RESULTS=@OLD_CHARACTER_SET_RESULTS */;
/*!40101 SET COLLATION_CONNECTION=@OLD_COLLATION_CONNECTION */;
/*!40111 SET SQL_NOTES=@OLD_SQL_NOTES */;

-- Dump completed on 2022-11-07 16:24:28