-- MySQL dump 10.13  Distrib 8.0.23, for Win64 (x86_64)
--
-- Host: geomot.mysql.database.azure.com    Database: geomot
-- ------------------------------------------------------
-- Server version	8.0.28

/*!40101 SET @OLD_CHARACTER_SET_CLIENT=@@CHARACTER_SET_CLIENT */;
/*!40101 SET @OLD_CHARACTER_SET_RESULTS=@@CHARACTER_SET_RESULTS */;
/*!40101 SET @OLD_COLLATION_CONNECTION=@@COLLATION_CONNECTION */;
/*!50503 SET NAMES utf8 */;
/*!40103 SET @OLD_TIME_ZONE=@@TIME_ZONE */;
/*!40103 SET TIME_ZONE='+00:00' */;
/*!40014 SET @OLD_UNIQUE_CHECKS=@@UNIQUE_CHECKS, UNIQUE_CHECKS=0 */;
/*!40014 SET @OLD_FOREIGN_KEY_CHECKS=@@FOREIGN_KEY_CHECKS, FOREIGN_KEY_CHECKS=0 */;
/*!40101 SET @OLD_SQL_MODE=@@SQL_MODE, SQL_MODE='NO_AUTO_VALUE_ON_ZERO' */;
/*!40111 SET @OLD_SQL_NOTES=@@SQL_NOTES, SQL_NOTES=0 */;


-- MySQL Script generated by MySQL Workbench
-- Sun Apr 24 14:29:15 2022
-- Model: New Model    Version: 1.0
-- MySQL Workbench Forward Engineering

SET @OLD_UNIQUE_CHECKS=@@UNIQUE_CHECKS, UNIQUE_CHECKS=0;
SET @OLD_FOREIGN_KEY_CHECKS=@@FOREIGN_KEY_CHECKS, FOREIGN_KEY_CHECKS=0;
SET @OLD_SQL_MODE=@@SQL_MODE, SQL_MODE='ONLY_FULL_GROUP_BY,STRICT_TRANS_TABLES,NO_ZERO_IN_DATE,NO_ZERO_DATE,ERROR_FOR_DIVISION_BY_ZERO,NO_ENGINE_SUBSTITUTION';

-- -----------------------------------------------------
-- Schema mydb
-- -----------------------------------------------------
DROP SCHEMA IF EXISTS `GEOMOT` ;

-- -----------------------------------------------------
-- Schema mydb
-- -----------------------------------------------------
CREATE SCHEMA IF NOT EXISTS `GEOMOT` DEFAULT CHARACTER SET utf8 ;
-- -----------------------------------------------------
-- Schema geomot
-- -----------------------------------------------------
USE `GEOMOT` ;

--
-- Table structure for table `cilindraje`
--

DROP TABLE IF EXISTS `cilindraje`;
/*!40101 SET @saved_cs_client     = @@character_set_client */;
/*!50503 SET character_set_client = utf8mb4 */;
CREATE TABLE `cilindraje` (
  `cleidcilindraje` int NOT NULL AUTO_INCREMENT COMMENT 'Identificador de tabla.',
  `siglas` varchar(45) NOT NULL COMMENT 'Tipo de siglas (100, 125).',
  `descripcin` varchar(45) NOT NULL COMMENT 'Descripción de tipo de Cilindraje.',
  `fechaRegistro` datetime NOT NULL DEFAULT CURRENT_TIMESTAMP COMMENT 'Fecha de registro.',
  `stidestado` int NOT NULL COMMENT 'Estado registros (Tabla de estados de registros).',
  PRIMARY KEY (`cleidcilindraje`),
  UNIQUE KEY `IdCilindraje_UNIQUE` (`cleidcilindraje`)
) ENGINE=InnoDB AUTO_INCREMENT=7 DEFAULT CHARSET=utf8mb3;
/*!40101 SET character_set_client = @saved_cs_client */;

--
-- Dumping data for table `cilindraje`
--

LOCK TABLES `cilindraje` WRITE;
/*!40000 ALTER TABLE `cilindraje` DISABLE KEYS */;
INSERT INTO `cilindraje` VALUES (1,'100','100','2022-05-05 01:28:54',1),(2,'110','110','2022-05-05 01:28:54',1),(3,'125','125','2022-05-05 01:28:54',1),(4,'150','150','2022-05-05 01:28:54',1),(5,'160','160','2022-05-05 01:28:54',1),(6,'200','200','2022-05-05 01:28:55',1);
/*!40000 ALTER TABLE `cilindraje` ENABLE KEYS */;
UNLOCK TABLES;

--
-- Table structure for table `color`
--

DROP TABLE IF EXISTS `color`;
/*!40101 SET @saved_cs_client     = @@character_set_client */;
/*!50503 SET character_set_client = utf8mb4 */;
CREATE TABLE `color` (
  `clidcolor` int NOT NULL AUTO_INCREMENT COMMENT 'Identificador de tabla.',
  `siglas` varchar(45) NOT NULL COMMENT 'Tipo de siglas (Rojo, Verde).',
  `descripcin` varchar(45) NOT NULL COMMENT 'Descripción de tipo de Color.',
  `fechaRegistro` datetime NOT NULL DEFAULT CURRENT_TIMESTAMP COMMENT 'Fecha de registro.',
  `stidestado` int NOT NULL COMMENT 'Estado registros (Tabla de estados de registros).',
  PRIMARY KEY (`clidcolor`),
  UNIQUE KEY `IdColor_UNIQUE` (`clidcolor`)
) ENGINE=InnoDB AUTO_INCREMENT=6 DEFAULT CHARSET=utf8mb3;
/*!40101 SET character_set_client = @saved_cs_client */;

--
-- Dumping data for table `color`
--

LOCK TABLES `color` WRITE;
/*!40000 ALTER TABLE `color` DISABLE KEYS */;
INSERT INTO `color` VALUES (1,'AM','Amarillo','2022-05-05 01:31:14',1),(2,'AZ','Azul','2022-05-05 01:31:14',1),(3,'RJ','Rojo','2022-05-05 01:31:14',1),(4,'NG','Negro','2022-05-05 01:31:14',1),(5,'GR','Gris','2022-05-05 01:31:15',1);
/*!40000 ALTER TABLE `color` ENABLE KEYS */;
UNLOCK TABLES;

--
-- Table structure for table `combustible`
--

DROP TABLE IF EXISTS `combustible`;
/*!40101 SET @saved_cs_client     = @@character_set_client */;
/*!50503 SET character_set_client = utf8mb4 */;
CREATE TABLE `combustible` (
  `cbeidcombustilbe` int NOT NULL AUTO_INCREMENT COMMENT 'Identificador de tabla.',
  `siglas` varchar(45) NOT NULL COMMENT 'Tipo de siglas (Gasolinar, Gax).',
  `descripcin` varchar(45) NOT NULL COMMENT 'Descripción de tipo de Combustible.',
  `fechaRegistro` datetime NOT NULL DEFAULT CURRENT_TIMESTAMP COMMENT 'Fecha de registro.',
  `stidestado` int NOT NULL COMMENT 'Estado registros (Tabla de estados de registros).',
  PRIMARY KEY (`cbeidcombustilbe`),
  UNIQUE KEY `IdCombustible_UNIQUE` (`cbeidcombustilbe`)
) ENGINE=InnoDB AUTO_INCREMENT=6 DEFAULT CHARSET=utf8mb3;
/*!40101 SET character_set_client = @saved_cs_client */;

--
-- Dumping data for table `combustible`
--

LOCK TABLES `combustible` WRITE;
/*!40000 ALTER TABLE `combustible` DISABLE KEYS */;
INSERT INTO `combustible` VALUES (3,'GSA','Gasolina','2022-05-05 01:10:42',1),(4,'ELT','Electricidad','2022-05-05 01:12:20',1),(5,'GXN','Gax Natural','2022-05-05 01:12:20',1);
/*!40000 ALTER TABLE `combustible` ENABLE KEYS */;
UNLOCK TABLES;

--
-- Table structure for table `conductor`
--

DROP TABLE IF EXISTS `conductor`;
/*!40101 SET @saved_cs_client     = @@character_set_client */;
/*!50503 SET character_set_client = utf8mb4 */;
CREATE TABLE `conductor` (
  `peridpersona` int NOT NULL COMMENT 'Identificador de tabla.',
  `cdtrunt` varchar(45) DEFAULT NULL COMMENT '''Registro unico contributario.''',
  `cdtfechavigencia` varchar(45) DEFAULT NULL COMMENT '''Fecha de vigencia de licencia.''',
  `cdtfechaexpedicion` varchar(45) DEFAULT NULL COMMENT '''Fecha de expedición de licencia.''',
  `stidestado` int DEFAULT NULL COMMENT 'Estado registros (Tabla de estados de registros).'
) ENGINE=InnoDB DEFAULT CHARSET=utf8mb3;
/*!40101 SET character_set_client = @saved_cs_client */;

--
-- Dumping data for table `conductor`
--

LOCK TABLES `conductor` WRITE;
/*!40000 ALTER TABLE `conductor` DISABLE KEYS */;
/*!40000 ALTER TABLE `conductor` ENABLE KEYS */;
UNLOCK TABLES;

--
-- Table structure for table `contacto`
--

DROP TABLE IF EXISTS `contacto`;
/*!40101 SET @saved_cs_client     = @@character_set_client */;
/*!50503 SET character_set_client = utf8mb4 */;
CREATE TABLE `contacto` (
  `ctoidcontacto` int NOT NULL AUTO_INCREMENT COMMENT 'Identificador de tabla.',
  `peridpersona` int NOT NULL COMMENT 'llave foranea con tabla persona.',
  `ctotipocontacto` int NOT NULL COMMENT 'Tipo  contacto (Tabla de tipos decontacto).',
  `ctovalor` varchar(100) NOT NULL COMMENT '''Valor de tipo de contacto.''',
  `stidestado` int NOT NULL COMMENT 'Estado persona (Tabla de estados de registros).',
  PRIMARY KEY (`ctoidcontacto`),
  UNIQUE KEY `IdContacto_UNIQUE` (`ctoidcontacto`)
) ENGINE=InnoDB AUTO_INCREMENT=14 DEFAULT CHARSET=utf8mb3;
/*!40101 SET character_set_client = @saved_cs_client */;

--
-- Dumping data for table `contacto`
--

LOCK TABLES `contacto` WRITE;
/*!40000 ALTER TABLE `contacto` DISABLE KEYS */;
INSERT INTO `contacto` VALUES (1,1,1,'3202250322',1),(2,5,1,'3202250322',1),(3,6,2,'15652212151',1),(4,7,2,'3434534534',1),(5,8,1,'3202250321',1),(6,9,1,'3202250321',1),(7,10,1,'3202250321',1),(8,11,1,'43523423423',1),(9,12,1,'43523423423',1),(10,13,2,'234234234232',1),(11,14,2,'34242322323',1),(12,15,2,'3453534343',1),(13,16,1,'4345343',1);
/*!40000 ALTER TABLE `contacto` ENABLE KEYS */;
UNLOCK TABLES;

--
-- Table structure for table `control_estado_moto`
--

DROP TABLE IF EXISTS `control_estado_moto`;
/*!40101 SET @saved_cs_client     = @@character_set_client */;
/*!50503 SET character_set_client = utf8mb4 */;
CREATE TABLE `control_estado_moto` (
  `cemidcontrolmoto` int NOT NULL AUTO_INCREMENT COMMENT 'Identificador de tabla.',
  `mtidmoto` int NOT NULL COMMENT 'Id foranea tabla moto.',
  `cmfecha` timestamp NULL DEFAULT CURRENT_TIMESTAMP COMMENT 'Fecha de contrl de estado.',
  `cemkilometraje` double NOT NULL COMMENT 'Kilomentraje de moto.',
  `kilometrajemantenimieto` char(1) NOT NULL,
  `stidestado` int NOT NULL COMMENT 'Estado registro (Tabla de estados de registros).',
  PRIMARY KEY (`cemidcontrolmoto`)
) ENGINE=InnoDB AUTO_INCREMENT=3 DEFAULT CHARSET=utf8mb3;
/*!40101 SET character_set_client = @saved_cs_client */;

--
-- Dumping data for table `control_estado_moto`
--

LOCK TABLES `control_estado_moto` WRITE;
/*!40000 ALTER TABLE `control_estado_moto` DISABLE KEYS */;
INSERT INTO `control_estado_moto` VALUES (1,1,'2022-05-05 05:31:30',123.2,'N',1),(2,1,'2022-05-05 05:31:44',123.2,'N',1);
/*!40000 ALTER TABLE `control_estado_moto` ENABLE KEYS */;
UNLOCK TABLES;

--
-- Table structure for table `dispositivo`
--

DROP TABLE IF EXISTS `dispositivo`;
/*!40101 SET @saved_cs_client     = @@character_set_client */;
/*!50503 SET character_set_client = utf8mb4 */;
CREATE TABLE `dispositivo` (
  `dpoiddispositivo` int NOT NULL AUTO_INCREMENT COMMENT 'Identificador de tabla.',
  `mtidmoto` int NOT NULL COMMENT 'llave foranea con tabla moto.',
  `dpomarca` varchar(45) DEFAULT NULL COMMENT 'Marca de dispositivo (Tabla tipo de dispositivo).',
  `dpomodelo` varchar(45) DEFAULT NULL COMMENT '''Modelo de dispositivo (Tabla de dispositivos).''',
  `dporeferencia` varchar(45) DEFAULT NULL COMMENT '''Referencia de dispositivo.''',
  `stidestado` int DEFAULT NULL COMMENT 'Estado registro (Tabla de estados de registros).',
  PRIMARY KEY (`dpoiddispositivo`)
) ENGINE=InnoDB DEFAULT CHARSET=utf8mb3;
/*!40101 SET character_set_client = @saved_cs_client */;

--
-- Dumping data for table `dispositivo`
--

LOCK TABLES `dispositivo` WRITE;
/*!40000 ALTER TABLE `dispositivo` DISABLE KEYS */;
/*!40000 ALTER TABLE `dispositivo` ENABLE KEYS */;
UNLOCK TABLES;

--
-- Table structure for table `estado_rergistro`
--

DROP TABLE IF EXISTS `estado_rergistro`;
/*!40101 SET @saved_cs_client     = @@character_set_client */;
/*!50503 SET character_set_client = utf8mb4 */;
CREATE TABLE `estado_rergistro` (
  `stidestado` int NOT NULL AUTO_INCREMENT COMMENT 'Identificador de tabla.',
  `siglas` varchar(45) NOT NULL COMMENT 'Tipo de siglas (A, I).',
  `descripcin` varchar(45) NOT NULL COMMENT 'Descripción de tipo de estado.',
  `fecharegistro` datetime NOT NULL COMMENT 'Estado registros (Tabla de estados de registros).',
  PRIMARY KEY (`stidestado`),
  UNIQUE KEY `IdEstadoRegistro_UNIQUE` (`stidestado`)
) ENGINE=InnoDB DEFAULT CHARSET=utf8mb3;
/*!40101 SET character_set_client = @saved_cs_client */;

--
-- Dumping data for table `estado_rergistro`
--

LOCK TABLES `estado_rergistro` WRITE;
/*!40000 ALTER TABLE `estado_rergistro` DISABLE KEYS */;
/*!40000 ALTER TABLE `estado_rergistro` ENABLE KEYS */;
UNLOCK TABLES;

--
-- Table structure for table `kilometrajenotificacion`
--

DROP TABLE IF EXISTS `kilometrajenotificacion`;
/*!40101 SET @saved_cs_client     = @@character_set_client */;
/*!50503 SET character_set_client = utf8mb4 */;
CREATE TABLE `kilometrajenotificacion` (
  `knidkilometrajenoti` int NOT NULL AUTO_INCREMENT,
  `mtidmoto` int NOT NULL,
  `evtidevento` int NOT NULL COMMENT 'Id de referencia de talbla de tipos de eventos.',
  `kntkilometraje` double NOT NULL COMMENT 'Kilometraje de Notificación.',
  `nttkilometrajevalidador` double DEFAULT NULL,
  `ntfecha` datetime NOT NULL DEFAULT CURRENT_TIMESTAMP COMMENT 'Fecha de registro de proceso.',
  `ntduracion` double NOT NULL COMMENT 'Duración de primera notificación.',
  `ntnumrepeticion` int DEFAULT NULL COMMENT 'Numero de repeticiones de notificaciones.',
  `nttiemporepeticion` double DEFAULT NULL COMMENT 'Tiempo de duración de repeticiones.',
  `stidestado` int NOT NULL COMMENT 'Estado registro (Tabla de estados de registros).',
  PRIMARY KEY (`knidkilometrajenoti`),
  UNIQUE KEY `IdKilometrajeNoti_UNIQUE` (`knidkilometrajenoti`)
) ENGINE=InnoDB AUTO_INCREMENT=2 DEFAULT CHARSET=utf8mb3;
/*!40101 SET character_set_client = @saved_cs_client */;

--
-- Dumping data for table `kilometrajenotificacion`
--

LOCK TABLES `kilometrajenotificacion` WRITE;
/*!40000 ALTER TABLE `kilometrajenotificacion` DISABLE KEYS */;
INSERT INTO `kilometrajenotificacion` VALUES (1,1,1,125,NULL,'2022-05-05 05:30:24',1000,1,1000,1);
/*!40000 ALTER TABLE `kilometrajenotificacion` ENABLE KEYS */;
UNLOCK TABLES;

--
-- Table structure for table `marca`
--

DROP TABLE IF EXISTS `marca`;
/*!40101 SET @saved_cs_client     = @@character_set_client */;
/*!50503 SET character_set_client = utf8mb4 */;
CREATE TABLE `marca` (
  `maidmarca` int NOT NULL AUTO_INCREMENT COMMENT 'Identificador de tabla.',
  `siglas` varchar(45) NOT NULL COMMENT 'Tipo de siglas (Pulsar, Hero).',
  `descripcin` varchar(45) NOT NULL COMMENT 'Descripción de tipo de marca.',
  `fechaRegistro` datetime NOT NULL DEFAULT CURRENT_TIMESTAMP COMMENT 'Fecha de registro.',
  `stidestado` int NOT NULL COMMENT 'Estado registros (Tabla de estados de registros).',
  PRIMARY KEY (`maidmarca`),
  UNIQUE KEY `IdMarca_UNIQUE` (`maidmarca`)
) ENGINE=InnoDB AUTO_INCREMENT=3 DEFAULT CHARSET=utf8mb3;
/*!40101 SET character_set_client = @saved_cs_client */;

--
-- Dumping data for table `marca`
--

LOCK TABLES `marca` WRITE;
/*!40000 ALTER TABLE `marca` DISABLE KEYS */;
INSERT INTO `marca` VALUES (1,'PLS','Pulsar','2022-05-05 01:46:09',1),(2,'HRO','Hero','2022-05-05 01:46:10',1);
/*!40000 ALTER TABLE `marca` ENABLE KEYS */;
UNLOCK TABLES;

--
-- Table structure for table `matenimiento`
--

DROP TABLE IF EXISTS `matenimiento`;
/*!40101 SET @saved_cs_client     = @@character_set_client */;
/*!50503 SET character_set_client = utf8mb4 */;
CREATE TABLE `matenimiento` (
  `mtoidmantenimiento` int NOT NULL AUTO_INCREMENT COMMENT 'Identificador de tabla.',
  `idmoto` int NOT NULL COMMENT 'llave foranea con tabla moto.',
  `tmtidtipomantenimiento` int DEFAULT NULL COMMENT 'Tipo de mantenimiento (Tabla tipo de mantenimiento).',
  `mtofechamantenimiento` datetime DEFAULT NULL COMMENT 'Fecha de mantenimiento.',
  `mtotienecertificado` char(1) DEFAULT NULL COMMENT '''Tiene certificado Si(S) - No(N)''',
  `mtonumcertificado` varchar(45) DEFAULT NULL COMMENT '''Numero de certificado.''',
  `mtovvalor` double DEFAULT NULL COMMENT 'Costo del mantenimeinto.',
  `mtoduracion` double DEFAULT NULL COMMENT 'Duracion de mantenimiento.',
  `stidestado` int DEFAULT NULL COMMENT '''Estado registros (Tabla de estados de registros).''',
  PRIMARY KEY (`mtoidmantenimiento`),
  UNIQUE KEY `IDMantenimiento_UNIQUE` (`mtoidmantenimiento`)
) ENGINE=InnoDB DEFAULT CHARSET=utf8mb3;
/*!40101 SET character_set_client = @saved_cs_client */;

--
-- Dumping data for table `matenimiento`
--

LOCK TABLES `matenimiento` WRITE;
/*!40000 ALTER TABLE `matenimiento` DISABLE KEYS */;
/*!40000 ALTER TABLE `matenimiento` ENABLE KEYS */;
UNLOCK TABLES;

--
-- Table structure for table `moto`
--

DROP TABLE IF EXISTS `moto`;
/*!40101 SET @saved_cs_client     = @@character_set_client */;
/*!50503 SET character_set_client = utf8mb4 */;
CREATE TABLE `moto` (
  `mtidmoto` int NOT NULL AUTO_INCREMENT COMMENT 'Identificador de tabla.',
  `peridpersona` int(10) unsigned zerofill NOT NULL COMMENT 'llave foranea con tabla persona.',
  `mtreferencia` varchar(45) DEFAULT NULL COMMENT '''Numero de referncia de Moto.''',
  `mtclase` varchar(45) DEFAULT NULL COMMENT '''Tipo de clase de moto.''',
  `cleidcilindraje` int DEFAULT NULL,
  `maidmarca` int DEFAULT NULL COMMENT 'Tipo de marcar de moto (Tabla de tipos de marcas).',
  `mtmodelo` varchar(45) DEFAULT NULL COMMENT '''Modelo de moto.''',
  `mtplaca` varchar(8) DEFAULT NULL COMMENT '''Placa de moto.''',
  `cbeidcombustilbe` int DEFAULT NULL COMMENT 'Tipo de combustible (Tabla de tipo de combustible).',
  `mtnummotor` varchar(45) DEFAULT NULL COMMENT '''Numero de motor de moto.''',
  `mtnumchasis` varchar(45) DEFAULT NULL COMMENT '''Numero de chasis de moto.''',
  `mtvin` varchar(45) DEFAULT NULL COMMENT ''' Código único de identificación.''',
  `mtlinea` varchar(200) DEFAULT NULL COMMENT '''Linea de moto.''',
  `clidcolor` int DEFAULT NULL COMMENT 'Color de moto.',
  `mtpeso` double DEFAULT NULL COMMENT 'Peso de moto.',
  `stidestado` int DEFAULT NULL COMMENT 'Estado registro (Tabla de estados de registros).',
  PRIMARY KEY (`mtidmoto`),
  UNIQUE KEY `IdMoto_UNIQUE` (`mtidmoto`)
) ENGINE=InnoDB AUTO_INCREMENT=12 DEFAULT CHARSET=utf8mb3;
/*!40101 SET character_set_client = @saved_cs_client */;

--
-- Dumping data for table `moto`
--

LOCK TABLES `moto` WRITE;
/*!40000 ALTER TABLE `moto` DISABLE KEYS */;
INSERT INTO `moto` VALUES (1,0000000001,'GT','Media',NULL,1,'2019','YDWL81F',1,'GSRG45Y45T45','45YGDFDBD','345645644','BDFBDF',1,123.4,1),(2,0000000005,'GT','Media',NULL,1,'2019','YDL81F',1,'GSRG45Y45T45','45YGDFDBD','345645644','BDFBDF',1,123.4,1),(3,0000000005,'GT','Media',NULL,1,'2019','YDL81F',1,'GSRG45Y45T45','45YGDFDBD','345645644','BDFBDF',1,123.4,1),(4,0000000013,NULL,NULL,NULL,1,'2015','MDL87U',4,NULL,NULL,NULL,NULL,4,NULL,1),(5,0000000013,NULL,NULL,NULL,1,'2015','MDL87U',4,NULL,NULL,NULL,NULL,4,NULL,1),(6,0000000015,NULL,NULL,NULL,1,'2016','wfefw',2,NULL,NULL,NULL,NULL,2,NULL,1),(7,0000000015,NULL,NULL,NULL,1,'2019','csds',4,NULL,NULL,NULL,NULL,4,NULL,1),(8,0000000015,NULL,NULL,NULL,1,'2017','dascs',5,NULL,NULL,NULL,NULL,5,NULL,1),(9,0000000015,NULL,NULL,NULL,1,'2017','dascs',5,NULL,NULL,NULL,NULL,5,NULL,1),(10,0000000015,NULL,NULL,NULL,1,'2013','wdcw',5,NULL,NULL,NULL,NULL,5,NULL,1),(11,0000000016,NULL,NULL,NULL,1,'2018','xsdffs',2,NULL,NULL,NULL,NULL,2,NULL,1);
/*!40000 ALTER TABLE `moto` ENABLE KEYS */;
UNLOCK TABLES;

--
-- Table structure for table `persona`
--

DROP TABLE IF EXISTS `persona`;
/*!40101 SET @saved_cs_client     = @@character_set_client */;
/*!50503 SET character_set_client = utf8mb4 */;
CREATE TABLE `persona` (
  `peridpersona` int NOT NULL AUTO_INCREMENT COMMENT 'Identificador de tabla. ',
  `tdcidtipodocumento` int NOT NULL COMMENT 'Tipo de documento (Tabla de tipo de documento).',
  `pernumdocumento` varchar(100) NOT NULL COMMENT '''Numero de identificación.''',
  `pernombres` varchar(100) NOT NULL COMMENT '''Nombre de pesona.''',
  `perapellidos` varchar(25) NOT NULL COMMENT '''Nombre de pesona.''',
  `sxidtiposexo` int DEFAULT NULL COMMENT 'Tipo de genero (Tabla tipo de genero).',
  `perfirmadigital` longblob COMMENT 'Firma digital de persona.',
  `perfoto` blob COMMENT 'Foto de persona.',
  `perfechanacimiento` date DEFAULT NULL COMMENT 'Fecha nacimiento de persona.',
  `perestatura` double DEFAULT NULL COMMENT 'Estatura de persona.',
  `perpeso` double DEFAULT NULL COMMENT 'Peso de persona.',
  `trhidtiporh` int DEFAULT NULL COMMENT 'Tipo sangre de persona.',
  `stidestado` int DEFAULT NULL COMMENT 'Estado persona (Tabla de registro de registros).',
  PRIMARY KEY (`peridpersona`),
  UNIQUE KEY `IdPersona_UNIQUE` (`peridpersona`)
) ENGINE=InnoDB AUTO_INCREMENT=17 DEFAULT CHARSET=utf8mb3;
/*!40101 SET character_set_client = @saved_cs_client */;

--
-- Dumping data for table `persona`
--

LOCK TABLES `persona` WRITE;
/*!40000 ALTER TABLE `persona` DISABLE KEYS */;
INSERT INTO `persona` VALUES (1,1,'1007789445','Andres Elias','Capera Bocanegra',1,_binary 'vdffvfd',_binary 'vsdvsdvds','2018-03-09',1.71,70.1,1,1),(5,1,'10077894455','Andres Elias','Capera Bocanegra',1,_binary 'vdffvfd',_binary 'vsdvsdvds','2018-03-09',1.71,70.1,1,1),(6,1,'12565652112','Diego','Mesa',1,NULL,_binary 'data:image/png;base64,iVBORw0KGgoAAAANSUhEUgAABGwAAAG0CAYAAABnpbG5AAAAAXNSR0IArs4c6QAAAARnQU1BAACxjwv8YQUAAAAJcEhZcwAADsMAAA7DAcdvqGQAAJqVSURBVHhe7b1bbxzXmXBdl+//ya94gQFmMEAwF8lfmAC+GmByOwgC5CIIMJ9vcuOLd/wNEOCFjW8kUaRpkZIoUaQOpERK1ihjSYk5lmXLpkhKkyiH+nrtrt1dxz6UWu7TWsETqqurqqt37aruXn72s5NURERERERERERmCoWNiIiIiIiIiMiMobAREREREREREZkxFDYiIiIiIiIiIjOGwkZEREREREREZMZQ2IiIiIiIiIiIzBgKGxERERERERGRGSN59Nv/Sg3DMAzDMAzDMAzDMIzZiWTnP5+m13/7+3T398/T3aNv0quP/ztd/+xJevnR79NbT79Kdx5/mV7t/PtqZ9nWo9+l13/3ZXrps8fphd2DdGV7Lz1/dTf9fy9eSu9/dS1zQCIiIiIiIiIiMio4lQ/Xr6b/cfNuun742+Bdki+//DJ99OhR+rvf/S797rvv0m+++Sb9/PPP0//6r/9Knz9/nr58+TL97//+7/D4iy++COvwd39/P71161b4e+PGDYWNiIiIiIiIiEgLcCq4lYODg3Rvby+4lgRZg5B58eJFEDH/+Z//mT59+jT99ttvQzx58iT97LPPwrKvv/46rPvgwYP03r17YTk7WV9fV9iIiIiIiIiIiLQAp3L58uX0ypUr6Z07d4KLSaKs+f3vfx8EDAsRNciZ3/72t+n9+/dD9g3rkI2D0Hn48GFYj+e3t7fTixcvKmxERERERERERFqAU1ldXQ3SBg/z+PHjNDk5OQlZM1HCIGsYFoWMQeDw3PHxcZA1rMNwKYZKsZwsm2vXrgUDpLARERERERERERkfnMrGxkaQNXgX/iYMdULMHB0dpaenp0HWkEXDsCckDTVsYmYNdWy++uqrIGvYeHd3N71582Z6/fp1hY2IiIiIiIiISAtwKjs7O2E4FK7l7t27aUImDbKGYsIMgyLLhuFRPCZ4HIdF8ZjsGuresAzRw06CBVLYiIiIiIiIiIiMDU5la2srvXr1apjgiSybBAHDsCikDQKGcVJk2bCcjBoyayhGTA0bMmuQNSxH4PCXKsaMs1LYiIiIiIiIiIiMD05lZWUllJ0hsQbnkpA1E0VMPosmDotC1iBw+MtjNmSIFI+pYYP9CUVxFDYiIiIiIiIiImODU2FCJ4ZE4V3wLwniBVnDMKg4ExRPxuLCeaFD9g3rUMeGjRlfZQ0bEREREREREZH24FQYwbS/v5/evn27W8MGMYOkQczELBqGOiFmmB0KkYOsYchUzLRh6BSB2GEnn3zyicJGRERERERERKQFOBVq2JAQg7AJ03ojZJjKm6wZxAwSBjGDwKHgMEOjnj17lp6dnfWGShHxOYZEnTt3TmEjIiIiIiIiItICnAo1bELJmWzipwQ5Q/ZMHPKElGG2KJ7kMbIGeROn9iYjh2VsQ3bNlStXnCVKRERERERERKQlOJW1tbWQXcOIJqRNEmvWkGnDECiGQiFlYmbNy5cvQw0b1nn69GmQOQyLOjg4CDuiIM729rbCRkRERERERESkBTgV6gRTwwbPwiRPCfVqEDNM7Y28oYbNw4cPC5k1DH+KdW5YzvNszLrsbH19XWEjIiIiIiIiItICnApTelPHhuSYMCQq1rBBxDAsiswa5AyZNGTaIGd4jNBhuBSCh2Bj1meHFy5cUNiIiIjMOI++e5T+85V/Tv/uo79L/+b//o2x4MF55nxz3kVERGS2wamcP38+3dzcDMkxQdggZpA2DHliqBPDohA4DH9CzDAcimFS/EXmxPXIuiFNh51Zw0ZERGS24Uc7P+B/+B8/TH+08qP0xys/NhY8OM+cb8670kZERGS2wakwA3esYYO0SZAvZMogZGIWDVIGWcO/kTesw2P+8ph1GRLFHOG7u7th2imFjYiIyOxCpgU/3ut+2BuLHZx3zr+IiIjMLjiVmzdvhsmdSI45PDxME8wN2TSx4DBpN2TckHlDxEybfA0bMm3YjuVULibLRmEjIiIyu5BlYWbNcgbnnfMvIiIiswtOhWQYpvVmYid8S8L03EztTfZMnC2KmaEQOMga5EzMrPnqq69CXRs25DnWJ8tmdXVVYSMiIjLDUNOk7se8sRzB+RcREZHZBadCfeArV66ExBjcS0LWTJy2G1lDlg1ZNHFYFFk2CBykDSk5FCEmC4fnSNPBAFHFWGEjIiIyuyhsljsUNiIiIrMNTuXixYvBs+BjGNUUMmx4gIQhi4ZsGwoKE8iaOEwKUfP48ePwPMOjKIBDMRzCGjYiIiKzjcJmuUNhIyIiMtvgVEiG2d/fD3FwcJAmiBmGOlFwmL9YHOQMsoZlZN+QTYPYIRsnFiVmHZZTfJhKxgobERGR2WXiwubBYfoq23fk6Iua9YyZCIWNiIjIbINTuXbtWqhfg7AJ03oz/AkxQ+YMdWliwWHkDRk1jJuK8iYWHEbWIHqYXYqdMc5KYSMiIjK7KGyWOxQ2IiIisw1OhWQYpA3ehaSZJBYXZogTBuf09DTUrIkFh8mwyc8OhaShng3PY32uXr0aqhgrbERERGYXhc1yh8JGRERktsGpfPrpp2EUEyOf8C0JkgYRQzYNw50IsmoQM/wbgROLECNpqHNDDRsKEN+6dSvd29tLd3d3FTYiIiIzzNIJmy+OZu+YphgKGxERkdkGp8IMUXiWmzdvdoUNsgYRw7CnOFsUEofMGzJreA55EzNtGCrFNggbrA/Cxho2IiIis828Cpv3MvGSpsfp3r36dWqjJGw+fNE92tGPcSMNe/jTYfph7fPzFQobERGR2SYKG0YxIWyoGZyQLUMWDcIGWRNr1lDThqwbpAx1bcisiZk2Ueqw7s7OTph6SmEjIiIyu8ynsPlZupV7keOvf12zTkOUhM0Hz5+nb/78Jn3yu9J6jbGWPums/+b1XvpB7fPzFQobERGR2QanQn1ghA3OBVeTIGcoIIyYQcKQRcMysmooLsywqLOzs97sUKyLuCHzhim9qV9jDRsREZHZZi6Fze5W+pwdnxymT/7c+fuHvfTXdevVhUOiCqGwERERmW1wKtSwYRTT/fv307t376YJlYdJtYlDnrA4DHlCzpBlw9AoMmyQN7HODUWHKYRDdg2pOlQxVtiIiIjMLpMRNtkwoaG8Sg8f1G0/Xvzsv4OuSZ88fS/96Ls3zfu99kG6dfoqffPXsHqa/uk4fXJ2HP4ZhU13SFRpe7Z7eZy+itv99U366vWjdOvwvc7z2Xs92+ivv/Je+v7vHqXHfwprB9788Sjduv/T3Dpxu630/SeH6fO47l9fdb5DfZi+11vv/XTjpHPMf8meB17/bDf9zbW4Tu64H76fnnvxvPseC8c0WihsREREZhucCo4FUYO0oQxNqGFDxszr16+DsGGYU0y/Qc7E6buj0GEZjzE+SBx2tL6+rrARERGZYSYhbGIdmJFoIRWKkQ2H+uuTdO1y53Hn+wi8evFhcb3LH6aHfwxPpekfn6dHp0fp0f/0j7NR2OS2e3V2mO4e7aaHZ93tuq9RFTYfft2VQOmfjtLDL7fSra+fpMdBuCBUkDysl22XSaA3/9M5ntPnmRR60/leFdfrvP4fXqXHZ0+6+zraSve+7azHarlMotjmUewwrOvNicJGRERk0cCpUMOGEUyMZiJRJqGIMEOe8jVsyKx58eJFyKhB6JCFwzI2iMOiWMbz1rARERGZfSaTYdOJmqFQZSYyDCkOhzrbyLJSzqVPkB6lIsC/ziQKkqWfvdKJ2qLDfWETt3v+5S/623TivYd76ZNnNcImHk95WNatznKOq7c82+4vz9PdfObNvb00vOLpYNnSPc7jdO9u/nGavnm1m36Qy7wZNxQ2IiIisw1O5fz582EEE64l1LA5OTkJ2TPUsGFoFBk0SBzEDY/5N5k1yJoHDx6E5SxjmBTTTFEQZ3NzU2EjIiIyw0xM2BC9mZuqVDJgWkYcDnX0RcxI+XF67iS8Qm5Y0wfdLJm/PknPZev0YqCwGbBdL4rC5r2j7vE8P+ofT4zucUXJUs3M6UbN8ss/Sz/8/WH65PWrkDnTp/8ey6KpbShsREREZhucCjNwM4qJUU1hSBQihiwa/r58+TLMBoXNIZMGeYPQ4S+ihuUMn2JdNt7d3Q01bK5fv66wERERmWEmKmw6ETM/ClQkRdv4Wbr7mh0epRsMh4rLK8OiMgnyejf9WW/bLAYKm2y7P+yl75e360VRsPS2f1hdN7bFkyfV7frxYXpIPZu4PD+U6y+v0uenR+mTF7vp3lmxVo/CRkREZDnAqWxtbaV37twJQ6KoG5zE+jRM7c0wKMQMy0i/4TFyhmWsg7hhJilkDYVwyLg5ODgI46wUNiIiIrNLa2GTDYGqG+a0cdbdd6A0VCnEgG0Hxu5ud/hRE39+lP4mrJvJkVdbxeFQxIwLm/efx6Fcv0l/mluvLGgUNiIiIssBTgW3wigmhA3uJeH/qF+DkIlZNAx5itN9U1g4Zt8gbMi8IdiO9W/cuJGurKwobERERGaYdyFsehIiPUo3Ks91oqWw+dmXXV3TLdhbjO6sS2/SR49YN3v9Olk0UNhk27UZEvXlz0rr5YZq3a9u14+isOnKrufpVj6DqBMKGxERkeUEp3Lu3LluyZn794OPSV69ehWGOTEsigXUqyH4dyw4HDNtyKgh+4ZlPE+qTqxirLARERGZXd6NsBkSrbaNw6Gep1u71effy0TMm29/Ex53Zcmb9NFvc7VlLr+frp10a8LUC5sfp7/5tvv886NS0eHD3fTRoKLDfzxMP8xLlqaiw0OETXea8jfpk89zx33tg+y9K2xERESWDZzKxsZG8C4k0vA3YejT06dPg7Q5Pj7uyRuyaMiyQd4gaMimodAwy1ifQjjUr6HwMFk2ChsREZHZ5W2FzdswlrC5m82m9GqrWpeGuLzWnS0qDovKHd+r10fp0dlx+obniQ5NwubHuxvpUTZVdnda761072VnWx43Tev9TfZKo0zrPUTY/PjRo/Ba6V/fpMdn5eNW2IiIiCwbOBXcCuVn8Cxk2STMDkW2DFk0UcYgZpA31LVB1iBw4tCpWHCYnbAtf9fX1xU2IiIiM8y8CJtY2yU/O1Qx3kvXYlZNGBb14/QXnx9mQ6U6/PVV+vzFufT9zvcXaBQ2xLUP0q2Xx+mrTO4gT5A3a4e8dp14eS/94OhJehxfq8ObPx6lW/npu0cVNp19vf+7J/3X/surzneuD9LflI5TYSMiIrIc4FQoOswIpu3t7ZBEkyBkkDNk2lCvhqm8ETPffPNNyKohDQeJw2Pq3DAkinViMWJmiGKucIWNiIjI7DI3GTbGOwmFjYiIyGyDU7lw4UIoOxPL0yRnZ2e9YVB5WUPWTXxMpk2c2ptMG+QOz5Guc+nSpTDOSmEjIiIyu7QWNsZChMJGRERktsGp4FcqNWyQL3HIE4+RN2TSMFtUlDcMf0LYsIzsGuYEJ03n1q1boZaNwkZERGR2UdgsdyhsREREZhucCo4l1rDBuSSMi2KoE8OiEDZIGQQOYubbb78N9WzizFDUueExG8YiOMwUZQ0bERGR2UZhs9yhsBEREZltcCpXr14NdWxu374dStMkSJqXL1+GzBrkDULm5OQkCJxYw4aMGh4jdqhzE4sQI3LYIXOFK2xERERmF4XNcofCRkREZLbBqaytrYUsG5JocDMJ9WnIpkG+YHAQM2TWIGvisCiEDn/j0Cn+zV+sz+bmZhhnpbARERGZXRQ2yx0KGxERkdkGp7K6uhpGNFHDhrI0CdkziBn+fvfdd6G4MGKGZWTdMAyK4VAIHAwPzyN2GFdF/Zq9vb10d3dXYSMiIjLDKGyWOxQ2IiIisw1OBbeCayE5hr+hhg1ihqwahjwha5A3ZNUQ5Ro2rIPpoX4Nyw8PD50lSkREZMZR2Cx3KGxERERmG5wK9WuY1pvkGCZ/ShAyMbOGtBuGOiFmEDhImjgEiseIHOrXEKxLPRt2eP78eYWNiIjIDPN3H/1d+qOVH9X+mDcWOzjvnH8RERGZXXAq1Aem7AxJMviYJGbNxKI2yBum8o7DohA5FCF+9uxZEDRk5LAhtgfrQ/0aM2xERERmm3++8s/pD//jh7U/6I3FDs47519ERERmF5zKyspK8CwkyeBfQoYN/0DQIGcQM0gZgscMi0LQYHjIqkHwkGnDdN47Ozthem9r2IiIiMw2j757FLIs+PFups1yBOeZ88155/yLiIjI7IJTYRZu6tcgbfgbatiQYUNmDbIGcYOYYbrvOAyKTBuGRiFweEz9moODgyB1+DcpOwobERGR2YYf7WRa8AOemibGYgfnmfOtrBEREZl9orC5du1akDV4mQRJQxYNw6CQMgSyhsdk3zAjFI/zmTaIGsQNf9kh46wUNiIiIiIiIiIi44NTYUgUwiY6lwQRQ4YNWTQImuPj45BZg6jB6CBuoqx58OBByMBhfcQOw6GoYEwobERERERERERExgensr6+HqbzjqOZQoYNBYQRMogasmmQNSxjCBQ1axA5bMBf1mEacKbzpoYN9WvIslHYiIiIiIiIiIiMD07lxo0bQdTcu3evK2zImEHWUMMGWUNWDcFU3gibzz//PFQoZh3kDbKGbJw4NApxYw0bEREREREREZF24FSuX78egqLDoYYNUub09LQnaxjqhLwhyLRB1jB2ClmDtOExkof1mF2KnV28eFFhIyIiIiIiIiLSApwKNWy2t7eDm6EUTULNGoRMnLYbcUN2DZk1ZNKQURNni2JmKCRNrGHD1N7WsBERERERERERaQ9OZXV1Nd3b2wsuBv+SIGLImqFmDbKGmjYMdSKLhuwbZA21a+LU3rGGDeOpmGqKnVHLRmEjIiIiIiIiIjI+OBVmiMKxEBQfTmK9mpOTkyBsyKxhKBRDosi+QdIgaxgOxYxRCB7q1rAx0oYdUclYYSMiIiIiIiIiMj44la2trRB4FlxMgqRBzpBFw7AoMm0QNQTLEDhk2sTHSBqGRbExz5FdYw0bEREREREREZF24FRwK9SwIWkmFB2OxYaRNWTPUIAYOcOyWMMmTu0d69wwbIosHCoXU7/Gab1FRERERERERNqBU/nkk09C6RlGNZFlkzDUiZo1/H358mUYFkVNmwcPHvRmh0LQkE0TZQ3yhnnBya5B2ljDRkRERERERESkHTiVGzdupPv7+2GCp1B0GBGDhCGzhho1PGZYFMOkEDhxam/Woc4Nw6N4jPEh44adXbp0SWEjIiIiIiIiItICnAqjl2Lh4VDDBgFzdnYWCg8jYBgGhbhB1pB1Q1YNzzFMium8kTXMIMXG/JudXbhwQWEjIiIiIiIiItICnAo1bHAsOBd8TMI03fyDBQiZWMMmZtYw/Ampg6BhmBTDp6hrw3LSdDY3N0MdG4WNiIiIiIiIiMj44FQ2NjbCKCaSafAvoYYNsz7FYVDUrGFYFLIGgcNjBA3PU9OGGjfIG8ZTsSNq2ezu7ipsRERERERERERagFMhu4aiw9QKDkWHYyFhZA1ihgwa5AyihmXImTiNN9k4ZNswbAphwxTf7MQaNiIiIiIiIiIi7cCpbG1tFWvYUK+GYVBRxCBsEDg8RtzEoVIIHLJx4joMmeLv9evX03PnzilsRERERERERERagFNZX18PI5h6NWzIokHIkEXDUCiyaJA4rICQoeAwsga7w8xQUehQw4YhUVQxxgIpbERERERERERExgensra2FoZEUaKGEU0JmTJkzTAcipmhEDQ8ZqgU8oZlyJlYcJjnETxszLgqdsZc4QobEREREREREZHxwans7OwExxLqBCNskDMImVifhmFQZNOQVRMzbViRZTwmLYfH1LBhW7JuLl++rLAREREREREREWkBToWSM4xiQtzgYhIkDVk0DHMigwZhg5hB2CByeMzMUNS5YR1Sc1gPgcNfsmuYK1xhIyIiIiIiIiIyPjgVhkThWJA1+JgEEYOQIVuGGjZR1sSCwwyBos4NmTXMBc4yhkQxlOrOnTvplStXQihsRERERERERETGB6eysrISPAslakiWSb744osgasieQd4gbHjMCmTf8DjWucHwHB8fh3o3DImKc4OTrqOwEREREREREREZH5wKQ6IQNkSoYcOwJjJmqGGDiOExwoYsm5OTk5BZE7NqkDcIHja8d+9eKETMTFFMPaWwEREREREREREZH5wK9YEJCg8z6ikhswZZg5Ahi4ZsGh4jbGIaDs/FYVHIGkQNz8UaNhcuXFDYiIiIiIiIiIi0AKdCfWCybHAz1A1O8tN2I2GoZ4PEYQVkDTVsWIfMmrgOy9iY7Bp2trW1pbAREREREREREWkBToXRS8zEjY+5e/dut4bNw4cPg4BBzFCjhn/HGjY8JrMmGp44dIpMG2rYkKpjDRsRERERERERkXbgVK5duxbq19y8eTP8TZj5iQwbREycths5E4dK8RzLEDsMiyK7JtauQfRgfzY3NxU2IiIiIiIiIiItwKlQvwa/sru7G5JoErJoKC6MiEHUUJeGfyNryKyh0A0ZNfExggeBw8b8GwO0urqqsBERERERERERaQFOhSFR1Alm4ieSZhKyZhAycQHDouLU3kSUNxQeRuYwLArJQ+YNKTrYHzNsRERERERERETaEYUNnoUkGRJkwixRZMuQSYOcIfg3AofnEDhxGUInTu1NARzMD6k6Fh0WEREREREREWkHTgW3grDZ29tL7927lyaxPk3MrEHeMLU3mTcMlSL7hkwbMmoQN7EAMfVrYuXiTz/9VGEjIiIiIiIiItICnMrVq1dDMMETXiZhGu+zs7MgY5A3ZNYgbhA2DH9CyjAcisf8jaImPkcNm3Pnzk1V2HDMhmEYhmEYhmEYhmEYbxPTAqeCW8GxkEhDskxyenoasmiQLzGzhpo1/JuaNWVZQ7YN6zNEiim9qV+zsbExdWEj7xbbWESkPd5DZZ5Ylv7qddmMbWMbyOSwL80X0zxfOJUweun+/eBdmJ07IVOGzBrsDfLm+Pg4DH9CyFBcmMex4DASh4wchlAxnoq5wZE2GCCFzWJjG4uItMd7qMwTy9JfvS6bsW1sA5kc9qX5YprnC6eyvb0dHAuuJdSwiRkzZNFQZJgDRNaQZcMy/k1mDUIHecO6GJ/Dw8Oe9bl06ZLCZsGxjUVE2uM9VOaJZemvXpfN2Da2gUwO+9J8Mc3zhVOhfk0sPMywqIQsGjJrqGGDmCGThho2yBmyb1hGRg0FiFmXoVMsY2PW3dnZSdfW1hQ2C45tLCLSHu+hMk8sS3/1umzGtrENZHLYl+aLaZ4vnMrq6mp6/fr1cBx4mCQOeWJYVD6zBllDBg3y5vXr1+mLFy/CRjEjh2FT+/v7YTjUtKf19iJ499jGIiLt8R4q88Sy9Fevy2ZsG9tAJod9ab6Y5vnCqVAfmKFQ+BlGNiX5IU9k0SBrqFXDcurVxALErIPE4fk4LIpxVbu7uyFtR2Gz2NjGIiLt8R4q88Sy9Fevy2ZsG9tAJod9ab6Y5vnCqZAQU6hhg4hByJBJE2vYEPw7yhmyasioQeCQjfPZZ5+F7JqDg4N0b28vXV9fV9gsOLaxiEh7vIfKPLEs/dXrshnbxjaQyWFfmi+meb5wKpcvXw5B6RlK0CSx4DB/kTfIGbJqGCpF1g2ZNtS3QeggdigyTB2bmJmDAVpZWVHYLDi2sYhIe7yHyjyxLP3V67IZ28Y2kMlhX5ovpnm+cCoXL14MNWwYEoV/CTVskDXYG7JoeEy9GsQNy+LU3qzDRrGGDRuTpsMYq83NTYXNgmMbi4i0x3uozBPL0l+9LpuxbWwDmRz2pflimucLp8LoJYZCcRwkyCRkzyBfkDCImliAmCwahkWRbUN1YuQNNWxYh3XJtIk1bCw6vPjYxiIi7fEeKvPEsvRXr8tmbBvbQCaHfWm+mOb5wqlsb2+H0jMEziVBzCBkXr58GeQMWTYE/2YZcoaDZh2WUccGeYP1ofAwf8mymWVh8+zjv0//1/9OevEPH3+ZPTOcuO0427Tm2b+l/8Axvvdv6bNs0azgjUaGsf2v/WssRKkfx+d/fjtb8D0y/Dq+lv48HPe/pNvZEpFJsvD30Nv/0r/2a+If/s//8+4/30b4DJ3mfWieGK2/fpn++3u5c1y4v8Z7KvH36b/P2peajFHe57DPtslAe/U/f0b+zHqLY4mv0XQtvN09K57/mnMfr9MRPm+nfb1O6r79/fSh8aEPvN3vmzbfncbt65NlWL8v0ub91TPb3wHi+6yL/HufXHvMOtM8XzgVkmEoO3Pr1q1QhibUsGHIE9k0yBsOkGFQ1Kx5/PhxKDAcM2vIvonrsIx/M76KcVYzK2wavkSOemP4vm8ks8ps32hkuhS/tBejf1OfbWEj8m5Z+HvoMGHzfVx7M/wfPeaN0fpr6d7/r7nvgYX+MK/CZrTPtren7Y/ezjYzK2z6n/nla3+cz+P5FzbfVx8an+l8L5r+D/5h/b7I5I53tr8DxPfZEEv4mTrN84VTWV1dDcKGUU8k0iQUHEbWUJsmihmyaJA1HCxDpqLQ4TEbIXRYF+tD/RqqGM+qsKnc7OOXiHzn69n+buRvXnU3tLisG9UvIoOfL928646jcGGUb/bFm0bv/X2cfw/FdYrH04na1/yX9OfZ69TdvGf7RiPTpNe/Cv22f/OP/an6xav6AVH4AC3/ACzsv8OA67ZM/zr+t9xr5q/Nug/l0vHlf4zkrtV/z95Xd//NxyDLzVLdQ+O123DNhMtu1GuodB8YeI2NsM+h96H8MefuC/+e/xwtrLOYjNZfm7+fxHbuRu5eW76v5++5vfNX/T4y8HvVoH0OYdD7HPWzre5HeW2fq/2eVup/naBv9j+zqvvprpNtlz+2Ye0Q2zfbbjt7jcLnbo63vmfF4ym0X2yreA5HbLvcMTb2LRjQh9rwtm0w8T70r/Ecd89t8broROF1OpT6RGzHxu3yfaQThbarbdv/r3eP7PW1cj/sHdPofb14fG95vY/Q74t9Kr+/eMxDXmMEZvs7QNP7jMvjOahbr3ReF+S78jTPVxQ2zMTNqKZQw4Y0m5hFE4c8sYzg33GYFBswLCrOKMVQqBs3bgRpw99ZFTb9i77hYivdnGKUb2qxc1VuciH6+65/vvmDKUT5Rtm7uTWsn7t5FW8yuYgXTOXG1o3exVJ5/6UbY8Zs32hkepS/fOWg7+Vu3MUvXk19O7uWGq7L3v6GXLdl6q9LIl675Q+h0gdQFs3XTYz660dkqe6h8XOn4YtbuEQar6Hcddzw+VXYb54R9lm8Dw25zhueJ5ruNYvCaP21f///+b9277HddsmW937YZffFpvPTeF/vbjfwe9WwfQ6h+X2O/9lWjP52g7+nVfsYbTjad89ODLueesc5fl9++3tW/3O+9xrxms6Oe9S2i9s3tWVv/w19qC1v1wbvsA+xbcP9sXf/ang+3796wflo6EOD2zb2q1G+u71NX8/aYmg/LzO839e2fe93WOn9vQWz/R2g6X2Wlzc9LsYifFee5vnCqVy5ciU4FmoFI24SMmvInjk7OwtyhgLEyBuGRBGIm1jnJmbWHB4eBmGD8eHfMz1LVF1nyV3Y8cbQuyHFzpddrMUbSbz55jp0dkPsPh87br8jFrYvfVBVbubxWOPzlfX7+4vvoXejie+pZpsC8fm4fq99Bl88s32jkelRvF4GEftq/1rL03AtNHwID7tuy/Sum97z5S+S8drNru3CdQ2la79y3ZT3J1Jkqe6h5c8ZKH++1Xz2FD/f6q6p6mdsgaH7LN2Hhl3nvdfrH0Pcvr/NYjJaf43t1Wnv2922D+2SnYd/+Pha//lB52tAn6g75/Gc1p6D8j6H0Pw+B3+mDKL8WTf8e1rp86dD8T1W+2F1HyVK7TD8M7DKJO5ZTddf0/XT1Hbhca9/VL+D995XbR9qz9u1wTvsQ3UU7rs157fwfP/cxHMRH/f7Q+n4B16fpe9Gjcc5al+fzPXe63+N/b56jortUD3etsz2d4D4Puuj0idie2R9qn9uSp+hlT4z/L4zK0zzfOFUSIah7MydO3eCe0nIniFrhqFPiBkCgcPQKFZg7NTR0VEYFhXXQdQgesjMoSjO+fPnZ1fYBGo6YnZx9m6Cleh2tvobSU1wcxrxxlF704HS9uUbdpfsGBrXKT7fo3fRZBFvpkOOOTLbNxqZHqWb9wDq+3P5Gqze1GPkr5th122Z4gdwl/pru3jdVyM7vprrpu41RCJLdQ8t/TAIlK+Z+LjwxT73+dXw2TTwOqvbZ2k/+fvQ0Ou87v5W+YK6mIzWX+N9mvbqn7v+kIP889kmgdiuWZT7RP6cN/SDKg37HELz+6w590Mo96fYR4d/T6u+VtxX6Ge1bVDeR6S+Heo+f4d9Zk3knhWPPby35jYdpe0KbdKj4QfiiOd/GG/XBs3vt4nR+1COXhtnEe5/w1+73J7xNaoxqG3LrzP4u1vdcRWOY+TzF/eTRcP6Q/t9ue1y0T3u8c9hE7P9HaDUnpWo/0ws99fK+jXns9D+M8w0zxdO5cKFCyEhBtcSatiQWcMQp1jU5uTkJGTaRCHDMuRNvigxAgeZc/fu3VAQh7Sd2RY2OeIXyawzNd+gus8Xb2gDOjSdcciNprivGkrb13fq7Biydao3o+LzlS/O5ccj3hxn+0Yj06PpC3kH+lquXxX7anm78b7YD7tuy9Rde/XX9rAPodKHfO791V+vIl2W6h5a/pyB8jVT+9mT//wqfZZlDLzO6vZZWpa/Dw29zkv3hUD23ho/xxeE0fpr8b7dbdu/T/8hLKPNSvf1YX1ghPNXYZR9DKD5fbb9bBv+uPI9raafFT6fat9TaR9D2qF6DP3XyC/LM5l7VmzHzuvE+iu5+8JYbVd77cX9Z2035vkfxtu1wbvsQx3K99nC45p7V4lCH+sQX6MaDddvoOl14vIsetu06es5hvTzMnXtVuj3cfu6GLEdR2W2vwM0v8/Yht1+UlwvtmVdFNo3d36G3XdmhWmeL5zK+vp6mM6bmsLMyh1miULEIGDItGEYFLKGA2UIFFN7MzsUj2MNG/7u7++HsVX8nd0aNnU3y+KyYR2ncCMpfzBU6N+gevvL30Djv3PbF24m5Y4d16/p6PEGXb0ZZceQbVN+vrz9sJtdZLZvNDJNen2q0If610JtX630u7h+zRebwHjXbZnqMcb9xX0UP4TitVf8Yphjjj+EZDos1T208MMho3zNxMe5a774+VS+RmHIfWLoPkv3oWHXefm+AEO3WQxG66/19+UQ4TzXP99ru/J3nJr7av6zpNcPcv1r6D6HMOh99t5Pw/F0+1S5j1T77bDvaXX9rPi+qm1QPrZh7VB9L9V9lpnUPav32pXXG7Ptetd39Xrsva/aPtSet22DartDv+3b96Hqst5rle6fvT5Raptyn4mP869RYOD1mTsnBYr3gLr1i8fRb5vecbzF9d5rk97z5f1njxu2H/7+Rme2vwM0v8/Yz4rnJ1sva//e+ShT02eG9rMZYZrnC6eCWzk4OAj1a3AtCbIGIUMWDSKGTBvq2JBlQ8SixCyjCDHrYnyoYcNydoIFmtUMm97FWo7YeXofAKUIN7z+9uUbWjkqN8xCxBtV/wZaiPKx9Dp2w/q5L6PDvgjE5yuRvb/6G3CV2b7RyHSJN/C66N/8C3216bqLfTt+CJdjxOu2TON9oHd85Q+rhvfUeK32X2PWP4RkOizVPTT3BbtH+ZppvAfkrqGm+0DDdT7KPoufmUOu88p9ocOwL6gLwmj9tfRjLNf+3fYpPt94Hx5wX4VB36uG7nMIg9/nKJ9tzevU9znItqn0s27QdvF9DfvuGfcxvB2GH2eZyd2zcq9dOC/jt13Td9ree2joQ215+zZofo9v14ea26J3f2y4f8Z9FPtM51ia7p8Dfy/EY8/ey7DvbqX3Onpfb3u9j962xcjuaeX39xbM9neA5nbqRlN7NGwXz0dNn4nnMN+XZ5Fpni+cCjNwM4KJGja4mCTKGoY+IWBYiKhBzjAzFGk4ZN+wThw6RQ0b1uP57e3t9OLFizMrbKBygZcv7PJNqqZjxRsJlPeXfw7Kzxc7ZVnC5G4CtTfDAet3qN7Es4unt4/8xcQFF/eX7af2NavM9o1GZoHKh16pT5X7auE64QtB+YdQ5YO/9IE54Lot07+O32Ja7yHXanyNWf8QkumwVPfQeO2OImw6j2dqWu/ae0BuWfk+taCM1l9Lwmbkx93gHHTPR/Z8zX010vy9asg+hzDK+xz22VboozwX30fW/xv7XG4/+fdH3+p/ZlX7bnd59lnW28cI7RCPK0R/qvr+cRWZ5D0rHnvluhm77YrtUDnPA/pQGybVBsVjrjm+Fu1QvHfRDrEPVO9XMYrtn98+26bQRzqRP87atm2+R/Yjf08dra9P9HovvKf6fl8+P/3nat5fS2b7O0C+L5Qj37Z17VHeNvdcTZ+J57bYl2ePaZ4vnArTeiNt8DAMi0qoWYO0iRIGWcOwKGQMAofnKDiMrInFhhkqxXKybOauho20wjYWEWmP99AStV/+ZVZYlv7qddmMbWMbyOSwL80X0zxfOJWNjY0ga/AuoYYNQ50QMxQSPj09DbKGLBqGPSFpqGETM2s4eGaKQtawMXOD37x5M0w7pbBZbGxjEZH2eA8tobCZaZalv3pdNmPb2AYyOexL88U0zxdOZWdnJwyHwrUwyVNCJg2yhmLCDIMiyyZO9U3wOA6L4jHZNdS9YRmih50EC6SwWWhsYxGR9ngPLaGwmWmWpb96XTZj29gGMjnsS/PFNM8XTmVrayu9evVqmOCJLJsEAcOwKKQNAoZxUmTZsJyDJbOGYsTUsCGzJk7tjcDhL1WMGWelsFlsbGMRkfZ4D5V5Yln6q9dlM7aNbSCTw740X0zzfOFUVlZWQtkZEmtwLglZM1HE5LNo4rAoZA0Ch788ZkOGSPGYGjbYn1AUR2Gz0NjGIiLt8R4q88Sy9Fevy2ZsG9tAJod9ab6Y5vnCqTChE0Oi8C74lwTxgqxhGFScCYonY3HhvNAh+4Z1qGPDxoyvsobNcmAbi4i0x3uozBPL0l+9LpuxbWwDmRz2pflimucLp8IIpv39/fT27dvdGjaIGSQNYiZm0XCQiBlmh0LkIGsYMhUzbRg6RSB22Mknn3yisFlwbGMRkfZ4D5V5Yln6q9dlM7aNbSCTw740X0zzfOFUqGFDQgzCJkzrjZBhKm+yZhAzSBjEDAKHgsMMjXr27Fl6dnbWGypFxOcYEnXu3DmFzYJjG4uItMd7qMwTy9JfvS6bsW1sA5kc9qX5YprnC6dCDZtQciab+ClBzpA9E4c8IWWYLYoneYysQd7Eqb3JyGEZ25Bdc+XKFWeJWgJsYxGR9ngPlXliWfqr12Uzto1tIJPDvjRfTPN84VTW1tZCdg0jmpA2SaxZQ6YNQ6AYCoWUiZk1L1++DDVsWOfp06dB5jAs6uDgIOyIgjjb29sKmwXHNhYRaY/3UJknlqW/el02Y9vYBjI57EvzxTTPF06FOsHUsMGzMMlTwgEhZpjaG3lDDZuHDx8WMmsY/hTr3LCc59mYddnZ+vq6wmbBsY1FRNrjPVTmiWXpr16Xzdg2y9cG2/+apP/rfyfpz29nC8o8+7f0HzrP/6/3/i19li2S0fB6asO19OdT6m/TPF84Fab0po4NyTFhSFSsYYOIYVgUmTXIGTJpyLRBzvAYocNwKd4Awcaszw4vXLigsFlwbGMRkfZ4D5V5Yln6q9dlM7bN8rXBUGEjrfF6asPyCpvz58+nm5ubITkmCBvEDNKGIU8MdWJYFAKH4U8cLMOhGCbFX2ROXI+sG9J02Jk1bBYf21hEpD3eQ2WeWJb+6nXZjG2zfG3QEzYfZ5k0If4l3c6er82wicuy+IePv8ye6Dz18d9ny/6t+8M7xN+n/76E6TmT7kuxbXtRkBpfpv/+Xu65TpQlXDzX3cid40AmSgj2e/tfwr/jue2f13iu4+vF/cTt/yX9eXydf8UTVI8r318gf1w/v10vbIrH/m760zSvfZwKM3DHGjZImwT5QqYMQiZm0SBlOFD+jbxhHR7zl8esy5Ao5gjf3d0N004pbBYb21hEpD3eQ2WeWJb+6nXZjG2zfG1Q/CGci/iDuSxsSrImRpQDFakQo/QDfBmYaF/KBEo5ovyoP499sVH7fO+c1EiV94qCZnRh0w/6xLDjGqW/NPXRSWeFTfPax6ncvHkzTO5Ecszh4WGaYG7IpokFh0m7IeOGzBsiZtrka9iQacN2LKdyMVk2CpvFxjYWEWmP91CZJ5alv3pdNmPbLF8b9H4Mh2wIiD+8sx/VJWETf2D3fywXMyJ6P8DjD+6e4ClndCw+77QvRYGTnbfueWzKPKlmrRTOY08GxXPUFzhthM0gkRL7W3edmm3isQzqP+V1JsQ0r32cCskwTOvNxE4cS8L03EztTfZMnC2KmaEQOMga5EzMrPnqq69CXRs25DnWJ8tmdXVVYbPg2MYiIu3xHirzxLL0V6/LZmyb5WuDuh/6hR/VJWHTEzyV6P6gHv7Dfnl4J32pnOEURVslAyfX3uVtcsF5qp6zDtn+xhc29ec5bh+jrm91qReAhWN7R31qmtc+ToX6wFeuXAmJMbiXhKyZOG03soYsG7Jo4rAosmwQOEgbUnIoQkwWDs+RpoMBooqxwmaxsY1FRNrjPVTmiWXpr16Xzdg2y9cGxYyHLu2ETVf6KGz6TLQvRSFTFjS9zKguA8VIXXS2r5UiQ4VNWdDUC5ty/xrUt7oUhU35OLosprC5ePFi8Cz4GEY1hQwbHiBhyKIh24aCwgSyJg6TQtQ8fvw4PM/wKArgUAyHsIbN4mMbi4i0x3uozBPL0l+9LpuxbZavDXoCpvfDP/7wHnVIVBGFTZ9J9qWy+OiJmZKw6VEQOiUJUiau2ztH8ZxVhU3v9Srb1Amb8rL+frvvIz5f877isfZkU26/8bWb3k9Lpnnt41RIhtnf3w9xcHCQJogZhjpRcJi/WBzkDLKGZWTfcNCIHbJxYlFi1mE5xYepZKywWWxsYxGR9ngPlXliWfqr12Uzts3ytUFjxkz5B3PlB3Qpsh/yCps+k+xLjecptHtfhJQjipD67eNQuOr25aLDfUFTjlGETTUqgqYcORnT9N7jPibFNK99nMq1a9dC/RqETZjWm+FPiBkyZ6hLEwsOI2/IqGHcVJQ3seAwsgbRw+xS7IxxVgqbxcY2FhFpj/dQmSeWpb96XTZj2yxfG/QyN95iWu/8cwqbPpPtS3n5gWgpt2uNdOmdgy5l8VEUHrn9I4EyQZPfR377f/j4Wun164RNh7zooZ/EvhMzdToU95tNB5/vbx2Kx16suTQppnnt41RIhkHa4F1ImklicWGGOGFwTk9PQ82aWHCYDJv87FBIGurZ8DzW5+rVq6GKscJmsbGNRUTa4z1U5oll6a9el83YNraBTI656Us9AdcXIVXxtvhM83zhVD799NMwiomRT/iWBEmDiCGbhuFOBFk1iBn+jcCJRYiRNNS5oYYNBYhv3bqV7u3tpbu7uwqbBcc2FhFpj/dQmSeWpb96XTZj29gGMjnmpy81DV16N5kss8o0zxdOhRmi8Cw3b97sChtkDSKGYU9xtigkDpk3ZNbwHPImZtowVIptEDZYH4SNNWwWH9tYRKQ93kNlnliW/up12YxtYxvI5JirvlRTm2jSNWJmnWmeryhsGMWEsOFYErJlyKJB2CBrYs0aatqQdYOUoa4NmTUx0yZKHdbd2dkJU08pbBYb21hEpD3eQ2WeWJb+6nXZjG1jG8jksC/NF9M8XzgV6gMjbHAuuJoEOUMBYcQMEoYsGpaRVUNxYYZFnZ2d9WaHYl3EDZk3TOlN/Rpr2Cw+trGISHu8h8o8sSz91euyGdvGNpDJYV+aL6Z5vnAq1LBhFNP9+/fTu3fvpgmVhzmoOOQJi8OQJ+QMWTYMjSLDBnkT69xQdJhCOGTXkKpDFWOFzWJjG4uItMd7qMwTy9JfvS6bsW1sA5kc9qX5YprnC6eCY0HUIG0oQxNq2JAx8/r16yBsGOYU02+QM3H67ih0WMZjjA8Shx2tr68rbBYc21hEpD3eQ2WeWJb+6nXZjG1jG8jksC/NF9M8XzgVatgwgonRTCTKJBQRZshTvoYNmTUvXrwIGTUIHbJwWMYGcVgUy3jeGjbLgW0sItIe76EyTyxLf/W6bMa2sQ1kctiX5otpni+cyvnz58MIJlxLqGFzcnISsmeoYcPBkUGDxEHc8Jh/k1mDrHnw4EFYzjKGSTHNFAVxNjc3FTYLjm0sItIe76EyTyxLf/W6bMa2sQ1kctiX5otpni+cCjNwM4qJUU1hSBQihiwa/r58+TLMBoXNIZMGeYPQ4S+ihuUMn2JdNt7d3Q01bK5fv66wWXBsYxGR9ngPlXliWfqr12Uzto1tIJPDvjRfTPN84VS2trbSO3fuhCFR1A1OYn0apvZmGBRihmWk3/AYOcMy1kHcMJMUsoZCOGTcHBwchHFW0xY2hmEYhmEYhmEYhmEYbxPTAqeCW2EUE8IG95Lwf9SvQcjELBqGPMXpviksHLNvEDZk3hBsx/o3btxIV1ZWzLBZcGxjEZH2eA+VeWJZ+qvXZTO2jW0gk8O+NF9M83zhVM6dO9ctOXP/fvAxyatXr8IwJ4ZFsYB6NQT/jgWHY6YNGTVk37CM50nViVWMFTaLjW0sItIe76EyTyxLf/W6bMa2sQ1kctiX5otpni+cysbGRvAuJNLwN2Ho09OnT4O0OT4+7skbsmjIskHeIGjIpqHQMMtYn0I41K+h8DBZNgqbxcY2FhFpj/dQmSeWpb96XTZj29gGMjnsS/PFNM8XTgW3QvkZPAtZNgmzQ5EtQxZNlDGIGeQNdW2QNQicOHQqFhxmJ2zL3/X1dYXNgmMbi4i0x3uozBPL0l+9LpuxbWwDmRz2pflimucLp0LRYUYwbW9vhySaBCGDnCHThno1HCBi5ptvvglZNaThIHF4TJ0bhkSxTixGzAxRzBWusFlsbGMRkfZ4D5V5Yln6q9dlM7aNbSCTw740X0zzfOFULly4EMrOxPI0ydnZWW8YFAcXZQ1ZN/ExmTZxam8ybZA7PEe6zqVLl8I4q1kWNo++e5T+85V/Tv/uo79L/+b//o2RC9qEtqGNBjHNjisiMu94D5V5Yln6q9dlM7aNbSCTw740X0zzfOFU8CuVGjYcVBzyxGPkDZk0zBYV5Q3DnxA2LCO7hjnBSdO5detWqGUzq8IGEYGU+OF//DD90cqP0h+v/NjIBW1C29BGg6SNNxoRkfZ4D5V5Yln6q9dlM7aNbSCTw740X0zzfOFUcCyxhg3OJWFcFEOdGBaFsEHKcJCImW+//TbUs4kzQ1HnhsdsGIvgMFPULNewIXsEIVEnK4x+0Ea0VRPeaERE2uM9VOaJZemvXpfN2Da2gUwO+9J8Mc3zhVO5evVqqGNz+/btUJomQdK8fPkyZNYgbxAyJycnQeDEGjZk1PAYsUOdm1iEGJHDDpkrfFaFDZkjZtYMD9qItmrCG42ISHu8h8o8sSz91euyGdvGNpDJYV+aL6Z5vnAqa2trIcuG48DNJNSnIZsG+YLBQcyQWYOsicOiEDr8ZSNEDf/mL9Znc3MzjLOaVWFDnZY6QWFUg7ZqwhuNiEh7vIfKPLEs/dXrshnbxjZoxVcfpT/5wU/Sj77KHkvAvjRfTPN84VRWV1fDiCZq2FCWJiF7BjHD3++++y4UF+YgWUbWDcOgGA6FwMHw8Dxih3FV1K/Z29tLd3d3FTYLEDMlbO78Mv3BD36Q/uBX+9mCEvH5XPzk42+yJ+Gb9KN/LD7/gx/8MmVv33z8k9LyLP7xo85WXerWKe5/P/3lwOc7a/yq+Hx5nfJrFLavvL+6D7/qMcT3WEfd8eTfcyB80NasN+zDt267wrkbvb3Ky/vbxmPoPv7lnfBkn+wY4vKm/YXl4djKfaT0Hof2sf45rB5zl2qbZ69R3vdYbVVuj0hDu+QYpe8Pf/3sfVWuzaw9B7Vtbf8q99maa7fyWiUa+m25LarnI4th+58AC/VlbaT7xPDzGPpj+R7UIZynbHn9fbLaR6vXQ4t+VLvf5uu+EjXvZV6p769Z+1TeZ//arz9fkXhOyucqMvycxWu4fE765y7b98B7bJ/Zui55D01t8/0zqG0q18CYnyHF7avfWwr36nJ/K91/yvf5wfsuHlu1HxWZeP8I/fL7P8f5e+pAQtsO/h45rM26+8jeY3auCt/Lht6HB1FzjyDeap/fD4vwHaDus6/bH8rXfHMfmhemeb5wKrgVXAvJMfwNNWwQM2TVMOSJA0TekFVDlGvYsA6mh/o1LD88PJzpWaIUNqPHLAmb/od10wd5+QOPm0W2bvwwL93AudFwY+necJpvJrXP8yEb91e7/+xmlftArHxAZtsVPuzyH2wZ8YZY+BKSffnsb9t9veIHJx9kzV8EKsfT++DLbVP6cB2F2uPNH8s47VVaBnH//ePsbls5xtKxN/WhsDx3LGH/pdfsbltuy1wfC+S+OJS2j8dYWZ7vR3XvY6S2yh43rDfo3NX27TzjnKvCOpC1R255pW1r+le3reMxVV+r387Dj7vw3uMPttzxhNcqn5PviUX4stajrr0LjHYe6649qJyn8Hr567G7//z9r9u3i/eIsftRzX5710RuX0OvowWgsb/WnPv667x8/+wQ27LcxoHRzln3flFeL54Tnqv2k0H3xNm4LrP3Xjn+6TKobfZ/le//pXs/5zn/+VDuMyVpUb6eyo+L94PSNTrWvkvHWd5XDQt13x5E7tqsu7f1rrsh7RUI+6rvx2E/+b4xNt1zOPQYZpB570vl6zJQ+E47ifM7O0zzfOFUqF/DtN4kxzD5U4KQiZk1pN0w1Akxg8BB0sQhUDxG5FC/hmBd6tmww/PnzytsFiBmR9jEL1k1X7bKH841FD/cq9TedHoM+zAof+DnKB1b3XFUlpU/2Aa8v8Jxhy8lTe+hnqZ2KSwfoX2LDPvCM2Z7/eqjsH7/9dm+0z4f57+E1fQLGLC/QR8ooV0r52SENgjrdY7pTvY39+VkcB+LlN/HqG2Vbfdx+Tgb2iXHKH1/9HNVXq+6/Uhtm1tW6IsFhvSzuv1C3XHX7v/ds1Bf/JvaO2PU81jpHxmV7cPr5a+xuv7QX9a6HzU+X3PcY95/541B/bXw/uv6QuV8dYnne7/mvI96zsJ6I31OQHfbpn4KM3VdNrTbtBinbQZfE93PhuI5zK+ZP0/FdQP5dqn57pPf38B917Rv0z0oMn7/6L5ecZ+5Ppw/hvDvzrq5KPfV8H56z+fed9xP6PPZ8+F9Z69fWn/Y++wx8Ltlzbmpo9DO/fbv9pF4bPnjyx9zJwYe5/BjKLYZUTzneQr3pGz98r6L+2ve1zDm+zvAaOe+ev3NL9M8XzgV6gNTdoYkGXxMErNmOLAob5jKm8dk0CByKEL87NmzIGjIyGFDbA/Wh/o1ZtgsRsyMsMl9YJQv/uEfOv0Phya6HxqDP5CaX2PQ/rNt818cSvup3MzKXyAGfVhmH+7htcN6g99nmbrjCeSPIf8aozDwwx3GbK/OvwvnmP3z7/A61S8ABUrH3mvrUhuXz0G5Tw3vY13665U/yEb7YKu+j1Hbqr9e8VgHbd8lrN94vkZ9/c6a5X4cKK4Dlbas61+9ZYPbrbH/woB+mz/Wgft4x0zzw3/iDGjv2A9GOY9N11rlPJWu4c4aoa8WXyMue9S+H9Xut0v+WAdfR4vB4P4ar/WqEA9Uzhfk+kXl+dH7TPh35/UKfaf2cwKG3xNn6rqsbbfpMU7bDLyuCuel7lznl9Wds/6yuntGf9mQfYfjKF23dctytOof2f0xHkfss4H8Oebf+Wun1H/LbVq472SvUdxv53HvvRTboq7dahnYHnXtW0P+PXb2lD+fhbYIVM93dZ08g4+h0g8Lx1Kl26a5/ZXWrxzLkP4yiPn+DtBt92F9aPC5my+meb5wKisrK8GzkCSDfwkZNvyDA0POIGaQMgSPGRaFoMHwkFWD4CHThum8d3Z2wvTe1rBZjJgVYVO44Es3x6E3gyE3Z4g36HIUb9j95YUvDkP2n/+wyP87UPowDpT2N/hDtfvBFo8z7D8e55CbKFSOp0fuA7P03oftf+iXgHHbK5xbjqe7DcvCcRXarvoBH8iOPS7v76/531B+D+Xn6xn0Zajh+CqU1hu5rfLbNf27noF9v9W5ypN9oA9o2/I56m1TeV9Vusfe8EWpst8++WMIx52953wMarNJMd9f1kpk7V1pyzHPY6V/ZOT7WqDSN7uv0btnd+ieW/b7Fv2oZr89cp9F3X3k3ncWtdvNKUP7a68P1LRl5Xx1KCwr/+ga/Zz17z1s090fy8K2lc/YwfuFmbou69ptiozeNvXXTe86KVzjdevm+kPWr4rnrH8eK/eGDv37yOB91177pe+YZdr2j95rlfc/8Bzn+mvtet33Uv98btuM/rWSb6MhDGyP8nXbQOHYiseVP6YAr1c+rhGOoXDv7e2P1yq12cD2rmuX/Hus2V/p/YzD3H8HCG3Zb/e6Nqic3zlmmucLp8Is3NSvQdrwN9SwIcOGzBpkDQeImGG67zgMikwbhkYhcHhM/ZqDg4Mgdfg3KTsLJWy+OMq2ruFPh+mHrPPgMH3V+d/hA7bZSNni6IvcPkaNwn6mG7MhbMo3wyE3+zJDbs5Q+6FdS/GDof9lonn/+S8T4d/ZtiHqPixL+xv8odpti8qHZfhwi6/T/L7yx1Yk18bZDXnUD6OhXwLGba/s3HaX/6SzbfZ+wnuM+2n4wCwde35/+eMoLO9Qfg/l52spv6/C44bjq1Bab+S2Km7XP/788vKXmm47Duz7I79+UxtlrzmgbbuvEY8pi97zg9tt+LHXb5s/hvx7+L6Z+y9reQa09zjnsdI/MirnqdI3u69R6Ee9vvEW/SjbtvYHSe5HxOB9LAZD+2vvWq5ph8r5qp7r4uPRz1n+3tPtJ02fEzB4vzBT12VNu02T0domu+8Puq8W7hd111juR3Jh3Uj/PNbdw/t9afC+a6/bgXLgbfpH/zO48F7K57jw/S23fsNx8f777TS4r+evlfL118jA9sidp0EUjq14XPljgvA499770XxOCmT9JRxT3bFX2qlItV1y77Hm3MQonNMRWZzvAP2+TeT7Q/n8zjPTPF9R2Fy7di3IGrxMgqQhi4ZhUEgZAlnDY7JvmBGKx/lMG0QN4oa/7JBxVgsnbKKYaYoZEi2TipkQNk03yJE/dKofWmVqP7SH0P1QYZtB+89uYoUvk9mxZu+rsl3th3fDsWUfTI3vLf/BVUPhePLkj2HYa5QZdLyBMdsr3ujL7yW8Tv0XgB7599Gh/MERH5eXl/vUKF9sun2os59SdI93xC81lfcxals1bTdo+y6D+/6or99Zs9SGXarvu9KWA/vX4HYLr9l0XgbsN3+sA/fxjlmcL2sdJnQem661Sv8qXdudNUJfrX+Nt+hHA/abP9bB19FiMLi/xjbeD38r94LK+equX71nxnVGP2eFvpH1w952hc8JGH5PnKnrstJu02WUtgnnY4RroX/e6s51flndOesvq7tn9JcN2Xfd95Uh32Ha94/u6/a/F2TkznH3PpJ/r7n33nBctGPYX8M9Md9u+Wulrt1qGdgede1bQ+HYisdVuH47lB+3IeyD91Z37EOuqWq7DOkvb8FCfQfICG2fa6NJnM9ZYZrnC6fCkCiETXQuCSKGDBuyaBA0x8fHIbMGUYPRQdxEWfPgwYPwBlgfscNwKCoYE8stbPIZNvy7s/wLns8I++qu0yUnevL7Cf8+Sg9f9LasHkcl++co3cie+7Cz3asXh73XGTfjZxaETe3Fnr9phn8XP5SKZB+SAz6Yuh+S492E+9tk+6+7IYUPhtIHU+44uvsofXCUP0xK+8gz/Li7H4xNH6bl44kUlg94/Vqy9Zs/wMdsr9x6hVkownkvfgGovGZhner+Ylv/pHQ8lQ/sEftY+fXz+wmvPbSPlb9gjdpW1S9m3dfmvzQPOu5svcbjat+3u1TPS6VtS/spU79fGNy3G/c70nF/PyzUl7UJncf6/ljTD8Pr5e+dg/tD637U+Pwox71YDOqvhfdf1xfK56ty/qB4Hx31nIX1cn2j+XMCuts29VOYqeuytp2mx7C2CedixOsgf97K57B4nmo+X/PtEs5x8TVH3ndN+1Y+o0q07R/xGvmofK/oHUPN+xxyrIOfr/b1fFsMe589atq3T90x11A4tuJxlc/PJO6lvX3WtVltO/aptkvuPYZti236NizUd4CM8vmrXn/zyzTPF05lfX09TOcdRzOFDBsKCCNkEDVk0yBrWMYQKGrWIHLYgL+swzTgTOdNDRvq15Blo7DJC5sOve2jqOlLmo2zzsOzjep+wr9zz2XbvnrxYfdxkDU52RP3na2PsCk+P15MX9hUP3C6dJcXvrDVfpBlN43sJlu+aXBjYR+DPyBy++nRff3e/mr3n62Tu/GH4yx9QHaPPbf/mg+T7vGV2iGTCLEN4nvJ092u+YOp+Xhy27T4gKo93vChl+13nPZqutGXvohXz2H3Q3bY/rrvt7g87GtYuwSyvlFzzgKFtqu+vwDvo/fa3XUK7TZSW9VsF9epLC9SbbcSg14/v6zwXrvU9b9K29ZsV6T8XiE7tyMc97C2DOe1fE6+Jxbqy9rbnMfCsu56hXtZdq+rnst836rZrkDLflS73+q+hl5HC0Bjf6059937Za49Suer7h4LxXYc7ZzV3dd7lD4n4j6b++mMXZeVfj5dBrXNoHsp57XQ5uVresjneflx8bVK12i5Pw7cd9afev2n7nov0qp/FI6p9Jq5c1zuy93rqP9eym1ceC+VvlLt6/n9h20bzleB0H79ti/SfS+D2itQOLbicVWPo/t88ZruLGs6Vo4vv+6gtu7QbdN8OxWpHk/xPXa3L7bH/q+a9zeI+f4OwHkq94vqucv3uXlnmucLp3Ljxo0gau7du9cVNhwQsoYaNsgasmoIpvJG2Hz++eehQjHrIG+QNWTjxKFRiJtlqmHTkydDhE0+u6UgaOL+o9CpCJuicKlsW4r880HYDBNNA2LqwmbAB0X5g6u7LjfSfhQ/RLIbd2Gd7r67H3rl5zqR7b/u+eoHVHajGrBO5ZgDcbufpP/n/xRfp7B95f2VPyCqr9/8Idul+8FTivLxZR9+lfUGfOAF6rYrfwCXnq9tr6YbfWiP4jFUzlNp29r9xeMMy8t9pPQeG/pY9QM+0vRlIR/Za5T3XTjOYW3VfT7/xQxie5SX5xnW97sMP1eByjnP97+Gti18uWqi5totn8cyDf22/Dq11wAxbP8TYL6/rJVoaO/iNTTqeSz3t8HXebcvdrep7Zc9WvSjmr5PlF9ntOtovqnvr1n7VNqxv7x6vgbM2lW5Hww/ZyN/Tgy8x/aZjeuyrt8N/jz/Pmhum/rrhAjnsub+UL4XF/tJ9b0W7tVDvqeMt+/isQ++h7TpHzXXSHa84bXCv+M9rngsdcOai59ZufdS2A80bJsdR2iTQfenmnOWX7/us7Pc7j1q3mN/3fx7ju+net03npea4yweR6lNPy63U5Fqu3SPJf/65Xta2/v8vH8HqLRDJ/rtVGz3Wbh/vS3TPF84levXr4eg6HCoYYOUOT097ckahjohbwgybZA1jJ1C1iBteMybYD1ml2JnFy9eNMOm81qDhE1P9BBvK2zCejkWRdiIyGwRfvTM/wfvLLDU99DKjwuZdZalv/rdphnbxjaYe8Jnz2x8h7EvzRfTPF84FWrYbG9vBzdDKZqEmjUImThtN+KG7Boya8ikIaMmzhbFzFBImljDhqm9rWHD4+9J2ORETdz/QmXYiMiMUf2vdtKO5b6HVv+rpcw2y9Jf/W7TjG1jG8wbZIGUs4xm5XPHvjRfTPN84VRWV1fTvb294GLwLwkihqwZatYga6hpw1AnDpTsG2QNtWvi1N6xhg3jqZhqip1Ry0Zh8+6FTRAypWwbhY2IvFPyQwtapgKL99BiKrtZW7POsvRXv9s0Y9vYBvNIfvjWLP3HJvvSfDHN84VTYYYoHAtB8eEk1qs5OTkJwobMGoZCMSSK7BskDbKG4VDMGIXgoW4NGyNt2BGVjBU235OwyR1XeAwKGxGRmcZ7qMwTy9JfvS6bsW1sA5kc9qX5YprnC6eytbUVAs+Ci0mQNMgZsmgYFkWmDaKGYBkCh0yb+BhJw7AoNuY5smsWsoZNI3Vy5fsRNj9e+TA9/BPHkNFZ3pU23am9FTYiIrOJ91CZJ5alv3pdNmPb2AYyOexL88U0zxdOBbdCDRuSZkLR4VhsGFlD9gwFiJEzLIs1bOLU3rHODcOmyMKhcjH1axZuWu8lDYWNiMi7wXuozBPL0l+9LpuxbWwDmRz2pflimucLp/LJJ5+E0jOMaiLLJmGoEzVr+Pvy5cswLIqaNg8ePOjNDoWgIZsmyhrkDfOCk12DtFm4GjZLGgobEZF3g/dQmSeWpb96XTZj29gGMjnsS/PFNM8XTuXGjRvp/v5+mOApFB1GxCBhyKyhRg2PGRbFMCkETpzam3Woc8PwKB5jfMi4YWeXLl1S2CxAKGxERN4N3kNlnliW/up12YxtYxvI5LAvzRfTPF84FUYvxcLDoYYNAubs7CwUHkbAMAwKcYOsIeuGrBqeY5gU03kja3gTbMy/2dmFCxcUNgsQChsRkXeD91CZJ5alv3pdNmPb2AYyOexL88U0zxdOhRo2OBaOAx+TME03/2ABQibWsImZNQx/QuogaBgmxfAp6tqwnDSdzc3NUMdGYTP/obAREXk3eA+VeWJZ+qvXZTO2jW0gk8O+NF9M83zhVDY2NsIoJpJp8C+hhg2zPsVhUNSsYVgUsgaBw2MEDc9T04YaN8gbxlOxI2rZ7O7uKmwWIBQ2S8xXH6U/+cEP0h/k41f72ZOwn/6y9PxPPv4me67L/q/ql/e3/Un60Vf9x7+8E57skx1DXN60v7A8HNs36Uf/2F2nG3H/GXd+mXuuG+V9ffPxT2qXR+Ix9CN7jfK+J9RW/fcmi8Zs3kPL1xDxy04PjtQ8X+qf8Rqq9tv+toVrumm9bHnT/sLyf/yos3ZunSwK19HQe1mHeP1WjiWj8d5RvrYn01b59zYrLMtnvt9tmrFtbAOZHPal+WKa5wunQnYNRYepFRyKDsdCwsgaxAwZNMgZRA3LkDNxGm+ycci2YdgUwoYpvtnJLNew+buP/i790cqPagWF0Q/aiLZqwhvN4hJ/RBQFCj8+MjkRfwAVfmRkP1xyPzJ6cqP0w6P/46qdsCn+KMqW546l7sdOd9uSwAmv2/ADq/Jjqfr+AvyQ6712zfsYt62GvDdZHGbuHlrbV7vXU0FOFK6BeM30+23/+i725bz0aCVsStdv5ToPx1+zTu71uuTuZRlN1x+Mcu+ovo9x22rIe5sBluUz3+82zdg2toFMDvvSfDHN84VT2draKtawoV4Nw6CiiEHYIHB4jLjhgGOmDdk4cR2GTPH3+vXr6blz52ZW2PzzlX9Of/gfP6yVFEY/aCPaqglvNItK94dGOdOjT/HHVIE6wfKrj8L6/R9M2Y+lj/nxFn+kdF+z+KOqw4D95V+//GOp/odczf7LxB98d5p++FV/zBUpv492bTXovcniMGv30NDXBkiC5ueL94x4/X3UWT9/H2H7X35c1+/L/bt43eT3l3/9+us8f90Ou5dF4nVbcx8a8d5Rfh9t2mrge5sBluUz3+82zdg2toFMDvvSfDHN84VTWV9fDyOYOI5Qw4YsGoQMWTQMhSKLBonDCggZCg4ja7A7zAwVhQ41bBgSRRVjLNCsCptH3z0KmSMICTNtqkGb0Da0EW3VhDeaBSX8V/BBYqLmR02P4g+t+COm8OOD/fPv8DpthE1n36UfZuUfS+UfO6P++Omv130f/R965cdNlN/H+G017L3J4jBb99BBfRUGXwOhn2bXWO86yt9LQr/u/Lvpmi5QvDb612XxGCvXdenaGX4vy8itN+xe0kRxuxZtNey9zQDL8pnvd5tmbBvbQCaHfWm+mOb5wqmsra2FIVGUqGFEU0KmDFkzDIdiZigEDY8ZKoW8YRlyJhYc5nkEDxszroqdMVf4rAobQESQPYKUoE6L0Q/ahLYZJGvAG81iMvSHQvlHUYn8j5H+jxh+jHS3YVn4UfI2wmbAv6H8HsrP11P8kVXcx7Afs5HSeq3aqvnfsljM1D10SF+t9O0S4XrJpEf/2uleU2zDsnBtDbim+zQJm+Z/B0rvofJ8A4VjKEmeUa+/4npt2mrIe5sBluUz3+82zdg2toFMDvvSfDHN84VT2dnZCY4l1AlG2CBnEDKxPg3DoMimIasmZtqwIst4TFoOj6lhw7Zk3Vy+fHmmhY28PbbxYjL0h8LbSIh/7Pxoiz+G3lLY5I+j+GOp+h7Kz9dSfl+Fx9+vsBn03mRxmKl76JC+OuwaCNdco4Tgus/2HV6n4Zru0Sxs8sdRvs7L76HyfC3l91V8POr1V1yvXVvltxvt2L9fluUz3+82zdg2toFMDvvSfDHN84VToeQMo5gQNxxLwqxPZNEwzIkMGoQNYgZhg8jhMetQ54Z1SM1hPQQOf8muYa5whc1iYxsvKEOHEQz6MVL8oVWVELlhAiMLm/4PsPKPp/i4vLz8Y2eUHz/dH1Gd/ZSie7zF7Jtmyu+jZVt1aHpvsjjM1j10UF+FwddA6KfZNVYnIXp9eAxhE1+r6XreL1/XpfvF8HtZh7BO5xjKkR3TKPcOKL6Ptm014L3NAMvyme93m2ZsG9tAJod9ab6Y5vnCqTAkCsfCceBjEkQMQoZsGWrYRFkTCw4zBIo6N2TWMBc4yxgSxVCqO3fupFeuXAmhsFlsbOMFpSxWKhRFQ4EhP8b2f5X78VQjbCqvWVinur/4A+0npeOp/MjKfpSN+2M0v5/w2sN+/GXvo/867duq6b3J4jBb99Csrw6QBHnRUKR4/VYlxC/7EqWu31f2OXh/vef/sbQ8u2bKr9V8L8tev3x95UXP0HtHl/J+2rZV43ubAZblM9/vNs3YNraBTA770nwxzfOFU1lZWQmehRI1JMskX3zxRRA1ZM8gbxA2PGYFhkjxONa5wfAcHx+HejcMiYpzg5Ouo7BZbGzjxSX8iKj8SOEHXfZjKPshVPyh0/2hkf+RUftjKFKSMd3XzAuR6g/Iuv2FZaVjqf4IiuvlfswFOObOa5Z/6EUKPy6r7y/A++i9dnedQru9RVvVvTdZHGbuHlrbV7vXU1cw1F0D2XWau3brrr8ehWuq5nGH7r2gdG8o7a+7TulYwr6K13Fcr/5eVnO9BrrLo1QZeO+IjyrXb/u2qn1vM8CyfOb73aYZ28Y2kMlhX5ovpnm+cCoMiULYEKGGDcOayJihhg0ihscIG7JsTk5OQmYNB806yBsEDxveu3cvFCJmpiimnlLYLDa28YITf7zlo+4HSS7K/yW7TkL0KAkb6P1QiVHatnZ/hR+Z8QdRjNKPrOy/lueDY6770dQl21/uNXsSpRfZa5T3XTjOlm1VeG+yaMzmPbR8DRE1IjX/fKl/Nl9PHWoETfVek3+9pv0VhUj53lG4vpruZeGaLb5WJFyP+ddsuHdUr+1JtFWd7Jk+y/KZ73ebZmwb20Amh31pvpjm+cKpUB+YoPAwo54SMmuQNQgZsmjIpuExwiam4fBcHBaFrEHU8FysYXPhwgWFzYJjG4uItMd7qMwTy9JfvS6bsW1sA5kc9qX5YprnC6dCfWCybHAz1A1O8tN2I2GoZ4PEYQVkDTVsWIfMmrgOy9iY7Bp2trW1pbBZcGxjEZH2eA+VeWJZ+qvXZTO2jW0gk8O+NF9M83zhVBi9xEzc+Ji7d+92a9g8fPgwCBjEDDVq+HesYcNjMmui4YlDp8i0oYYNqTrWsFl8bGMRkfZ4D5V5Yln6q9dlM7aNbSCTw740X0zzfOFUrl27FurX3Lx5M/xNmPmJDBtETJy2GzkTh0rxHMsQOwyLIrsm1q5B9GB/Njc3FTYLjm0sItIe76EyTyxLf/W6bMa2sQ1kctiX5otpni+cCvVr8Cu7u7shiSYhi4biwogYRA11afg3sobMGgrdkFETHyN4EDhszL8xQKurqwqbBcc2FhFpj/dQmSeWpb96XTZj29gGMjnsS/PFNM8XToUhUdQJ5jhImknImkHIxAUMi4pTexNR3lB4GJnDsCgkD5k3pOhgf8ywWXxsYxGR9ngPlXliWfqr12Uzto1tIJPDvjRfTPN8RWGDZyFJhgSZMEsU2TJk0iBnCP7NgfIcAicuQ+jEqb0pgIP5IVXHosOLj20sItIe76EyTyxLf/W6bMa2sQ1kctiX5otpni+cCm4FYbO3t5feu3cvTWJ9mphZg7xham8ybxgqRfYNmTZk1CBuYgFi6tfEysWffvqpwmbBsY1FRNrjPVTmiWXpr16Xzdg2toFMDvvSfDHN84VTuXr1aggmeMLLJEzjfXZ2FmQM8oYDRNwgbBj+hJRhOBSP+RtFTXyOGjbnzp1T2Cw4trGISHu8h8o8sSz91euyGdvGNpDJYV+aL6Z5vnAquBUcC4k0JMskMYsG+RIza6hZw7+pWVOWNWTbsD5DpJjSm/o1GxsbCpsFxzYWEWmP91CZJ5alv3pdNmPb2AYyOexL88U0zxdOJYxeun8/eBdm507IlCGzBntzenqaHh8fh+FPCBmKC/M4FhxG4pCRwxAqxlMxNzjSBgM0bWFjGIZhGIZhGIZhGIbxNjEtcCrb29vBseBaQg2bmDFDFg1FhjlAZA1ZNizj32TWIHSQN6yL8Tk8POxZn0uXLk1V2IiIiIiIiIiIzCs4FerXxMLDDItKyKIhs4YaNogZMmmoYYOcIfuGZWTUMHSKdRk6xTI2Zt2dnZ10bW1NYSMiIiIiIiIi0gKcyurqanr9+vWQSIOHSeKQJ4ZF5TNrkDVk0CBvXr9+nb548SJsFDNyGDa1v78fhkNNe1pvEREREREREZF5BadCfWCGQuFnGNmU5Ic8kUWDrKFWDcupVxMLELMOEofn47AoxlXt7u6GtB2FjYiIiIiIiIjI+OBUSIgp1LBBxCBkyKSJNWwI/h3lDFk1ZNQgcMjG+eyzz0J2zcHBQbq3t5eur68rbEREREREREREWoBTuXz5cghKz1CCJokFh/mLvEHOkFXDUCmybsi0ob4NQgexQ5Fh6tjEzBwM0MrKisJGRERERERERKQFOJWLFy+GGjYMicK/hBo2yBrsDVk0PKZeDeKGZXFqb9Zho1jDho1J02GM1ebmpsJGRERERERERKQFOBVGLzEUilFPJMgkZM8gX5AwiJpYgJgsGoZFkW1DdWLkDTVsWId1ybSJNWwsOiwiIiIiIiIi0g6cyvb2dig9Q+BcEuQMQubly5dBzpBlQ/BvliFn4pRSLKOODfIG60PhYf6SZaOwEREREREREREZH5wKyTCUnbl161YoQxNq2DDkiWwasmqQMwyDombN48ePQ4HhmFlD9k1ch2X8m/FVjLNS2IiIiIiIiIiIjA9OZXV1NQgbEmtIpEkoOIysoTZNFDNk0SBrEDMMmYpCh8dshNBhXawP9WuoYqywEREREREREREZnyhsmImbUU2hhg1pNjGLJg55YhnBv+MwKTZgWFScUYqhUDdu3AjShr8KGxERERERERGR8cGpXLlyJTgWagUjbhIya8ieOTs7C3KGAsTIG4ZEEYgbhj4ha2JmzeHhYRA2GB/+7SxRIiIiIiIiIiLtwKmQDEPZmTt37gT3kvB/ZM0w9AkxQyBwGBrFc4ydOjo6CsOi4jqIGkQPmTkUxTl//rzCRkRERERERESkBTiVCxcuhIQYXEuoYfPq1aswxCkWtTk5OQmZNlHIsAx5ky9KjMBB5ty9ezcUxCFtR2EjIiIiIiIiIjI+OJX19fUwnTc1hZmVO8wShYiJmTYMg0LWxNmimNqb2aF4HGvY8Hd/fz+MreKvNWxERERERERERNqBU8GtHBwchPo1uJYEWYOQIYsGEUOmDXVsyLIhYlFillGEmHUxPtSwYTk7wQIpbERERERERERExgenwgzcjGCihg0uJomyhqFPCBgWImqQM8wMRRoO2TesE4dOUcOG9Xh+e3s7vXjxosJGRERERERERKQFOBWm9Uba4GEYFpVQswZpEyUMsoZhUcgYBA7PUXAYWROLDTNUiuVk2VjDRkRERERERESkPTiVjY2NIGvwLqGGDdkziBgKCZ+engZZQxYNw56QNNSwiZk11LFhpihkDRszN/jNmzfDtFMKGxERERERERGR8cGp7OzshOFQuBYmeUrIpEHWUEyYYVBk2TA8iscEj+OwKB6TXUPdG5aRgcNOggVS2IiIiIiIiIiIjA1OZWtrK7169WqY4Iksm4SMGbJoKDiMgGGcFFk2iBkyasis4Tlq2JBZE6f2RuDwlyrGjLNS2IiIiIiIiIiIjA9OZWVlJZSdIbEG55KQNRNFTD6LJg6LQtYgcPjLYzZkiBSPqWGD/QlFcRQ2IiIiIiIiIiJjg1NhQieGROFd8C8J4gVZwzCoOBMUT8biwnmhQ/YN65CVw8aMr7KGjYiIiIiIiIhIe3AqjGDa399Pb9++3a1hg5hB0iBmYhYNQ50QM8wOhchB1lDnJmbaMHSKQOywk08++URhIyIiIiIiIiLSApwKNWxIiEHYhGm9ETJM5U3WDGIGCYOYQeBQcJihUc+ePUvPzs56Q6WI+BxDos6dO6ewERERERERERFpAU6FGjah5Ew28VOCnCF7Jg55QsowWxRP8hhZg7yJU3uTkcMytiG75sqVK84SJSIiIiIiIiLSEpzK2tpayK5hRBPSJok1a8i0YQgUQ6GQMjGzhhmkqGHDOk+fPg0yh2FRBwcHYUcUxNne3lbYiIiIiIiIiIi0AKdCnWBq2OBZmOQpQcQgZk5OTkIWDTVsHj58WMisYfhTrHPDcp5nY9ZlZ+vr6wobEREREREREZEW4FSY0ps6NiTHhCFRsYYNIoZhUWTWIGfIpCHTBjnDY4QOw6UoSEywMeuzwwsXLihsRERERERERERagFM5f/58urm5GZJjgrBBzCBtyLRhqBPDohA4DH9CzDAcimFS/EXmxPXIuiFNh51Zw0ZEREREREREpB04FWbgjjVskDYJ8oVMGYRMzKJByiBr+DfyhnV4zF8esy5DopgjfHd3N0w7pbARERERERERERkfnMrNmzfD5E4kxxweHqYJ5oZsmlhwmLQbMm7IvCFipk2+hg2ZNmzHcioXk2WjsBERERERERERGR+cCskwTOvNxE74loRsGab2JnuGzBpkDTNDIXCQNciZmFnz1Vdfhbo2bMhzrE+WzerqqsJGRERERERERKQFOBXqA1+5ciUkxuBeErJmkDZR1pBlQxZNHBZFlg0CB2lDSg5FiMnC4TnSdDBAVDFW2IiIiIiIiIiIjA9O5eLFi8Gz4GMY1ZQcHR2FB0gYsmjItqGgMIGsicOkEDWPHz8OzzM8igI4FMMhrGEjIiIiIiIiItIOnArJMPv7+yEODg7SBDHDUCcKDvMXi4OcQdawjOwbsmkQO2TjxKLErMNyig9TyVhhIyIiIiIiIiIyPjiVa9euhfo1CJswrTfDnxAzZM5QlyYWHEbekFHDuKkob2LBYWQNoofZpdgZ46wUNiIiIiIiIiIi44NTIRkGaYN3IWkmobgw5oYhTvw9PT0NNWtiwWEybPKzQyFpqGfD81ifq1evhirGChsRERERERERkfHBqXz66adhFBMjn/AtCRk1iBiyaRjuRJBVg5jh3wicWIQYSUOdG2rYUID41q1b6d7eXrq7u6uwERERERERERFpAU6FGaLwLDdv3uwKG2QNIoZhT3G2KDJtyLwhs4bnkDcx04ahUmyDsMH6IGysYSMiIiIiIiIi0o4obBjFhLChZnBCtgxZNAgbZE2sWUNNG7JukDJk4ZBZEzNtotRh3Z2dnTD1lMJGRERERERERGR8cCrUB0bY4FxwNUmcxhsxg4QhiwZhQ1YNxYUZFnV2dtabHYp1ETdk3jClN/VrrGEjIiIiIiIiItIOnAo1bBjFdP/+/fTu3btpQuVhUm3ikCcsDkOekDPIHIZGkWGDvIl1big6TCEcsmtI1aGKscJGRERERERERGR8cCo4FkQN0oYyNKGGDRkzr1+/DsKGYU4x/QY5E6fvjkKHZTzG+CBx2NH6+rrCRkRERERERESkBTgVatgwgonRTCTKJBQRZshTvoYNmTUvXrwIGTUIHbJwWMYGcVgUy3jeGjYiIiIiIiIiIu3BqZw/fz6MYMK1hBo2L1++DNkz1LBhaBQZNEgcxA2P+TeZNciaBw8ehOUsY5gU00xREGdzc1NhIyIiIiIiIiLSApwKM3AziolRTWFIFCKGLBr+Im+YDQqbQyYN8ubk5CT8RdSwnOFTrMvGu7u7oYbN9evXFTYiIiIiIiIiIi3AqWxtbaV37twJQ6KoG5zE+jRM7c0wKMQMy0i/4TFyhmWsg7hhJilkDYVwyLg5ODgI46wUNiIiIiIiIiIi44NTwa0wiglhg3tJ+D/q1yBkYhYNQ55YRq0aCgvH7BuEDZk3BNux/o0bN9KVlRWFjYiIiIiIiIhIC3Aq586d65acuX8/+JiEgsMMc2JYFAuoV0Pw71hwOGbakFFD9g3LeJ5UnVjFWGEjIiIiIiIiIjI+OJWNjY3gXUik4W/C0CfkC9Lm+Pi4J2/IoiHLBnmDoCGbhkLDLHv69GkohEP9GgoPk2WjsBERERERERERGR+cCm6F8jN4FrJsEmaHQtiQRRNlDGIGeUNdG2QNAicOnYoFh9kJ2/J3fX1dYSMiIiIiIiIi0gKcCkWHGcG0vb0dkmgShAxyhkwb6tUwlTdi5ptvvglZNaThIHF4TJ0bhkSxTixGzAxRzBWusBERERERERERGR+cyoULF0LZmVieJiGLJg6Dyssasm7iY9aJU3uTaYPc4TnSdS5duhTGWSlsRERERERERETGB6eCX6nUsEG+xCFPPEbekEnDbFFR3jD8CWHDMrJrmBOcNJ1bt26FWjYKGxERERERERGR8cGp4FhiDRucS8K4KIY6MSwKYYOUQeAgZr799ttQzybODEWdGx6zYSyCw0xR1rAREREREREREWkHTuXq1auhjs3t27dDaZoESfPy5cuQWYO8QcicnJwEgRNr2JBRw2PEDnVuYhFiRA47ZK5whY2IiIiIiIiIyPjgVNbW1kKWDUk0uJkEOUM2DfIFg4OYIbMGWROHRSF0+BuHTvFv/mJ9Njc3wzgrhY2IiIiIiIiIyPjgVFZXV8OIJmrYUJYmIXuGjBn+fvfdd6G4MGIGWUPWDcOgGA6FwMHw8Dxih3FV1K/Z29tLd3d3FTYiIiIiIiIiIi3AqeBWcC0kx/A31LBBzJBVw5AnZA3yhqwaolzDhnUwPdSvYfnh4aGzRImIiIiIiIiItASnQv0apvUmOYbJnxKETMysIe2GoU6IGQQOkiYOgeJxzMYhWJd6Nuzw/PnzChsRERERERERkRbgVKgPTNkZkmTwMUnMmolFbZA3TOUdh0Uhcqhz8+zZsyBoyMhhQ2wP1of6NWbYiIiIiIiIiIi0A6eysrISPAtJMviXkGGDvUHQIGcQM0gZgscMi0LQsA5ZNQgeMm2YzntnZydM720NGxERERERERGRduBUmIWb+jVIG/6GGjZk2JBZg6xB3CBmmO47DoMi04ahUQgcHlO/5uDgIEgd/k3KjsJGRERERERERGR8orC5du1akDV4mQRJQxYNw6CQMgSyhsdk3zAjFI/zmTaIGsQNf9kh46wUNiIiIiIiIiIi44NTYUgUwiY6lwQRQ4YNWTQImuPj45BZg6jB6CBuoqx58OBByMBhfcQOw6GoYEwobERERERERERExgensr6+HqbzjqOZQoYNBYQRMogasmmQNSxjCBQ1axA5bMBf1mEacKbzpoYN9WvIslHYiIiIiIiIiIiMD07lxo0bQdTcu3evK2zImEHWUMMGWUNWDcFU3gibzz//PFQoZh3kDbKGbJw4NApxYw0bEREREREREZF24FSuX78egqLDoYYNUub09LQnaxjqhLwhyLRB1jB2ClmDtOExkof1mGaKnV28eFFhIyIiIiIiIiLSApwKNWy2t7eDm6EUTULNGoRMnLYbcUN2DZk1ZNKQURNni2JmKCRNrGHD1N7WsBERERERERERaQ9OZXV1Nd3b2wsuBv+SIGLImqFmDbKGmjYMdSKLhuwbZA21a+LU3rGGDeOpmGqKnVHLRmEjIiIiIiIiIjI+OBVmiMKxEBQfThA1ZNScnJwEYUNmDUOhGBJF9g2SBlnDcChmjELwULeGjZE27IhKxgobEREREREREZHxwalsbW2FwLPgYhIkDXKGLBqGRSFwEDUEyxA4ZNrEx0gahkWxMc+RXWMNGxERERERERGRduBUcCvUsCFpJhQdjsWGkTVkz1CAGDnDsljDJk7tHevcMGyKLBwqF1O/xmm9RURERERERETagVP55JNPQukZRjWRZZMw1ImaNfx9+fJlGBZFTZsHDx70ZodC0JBNE2UN8oZ5wcmuQdpYw0ZEREREREREpB04lRs3bqT7+/thgqdQdBgRg4Qhs4YaNTxmWBTDpBA4cWpv1qHODcOjeIzxIeOGnV26dElhIyIiIiIiIiLSApwKo5di4eFQwwYBc3Z2FgoPI2AYBoW4QdaQdUNWDc8xTIrpvJE1zCDFxvybnV24cEFhIyIiIiIiIiLSApwKNWxwLDgXfEzCNN38gwUImVjDJmbWMPwJqYOgYZgUw6eoa8Ny0nQ2NzdDHRuFjYiIiIiIiIjI+OBUNjY2wigmkmnwLwl1ahAzcSpvatYwLIplCBweI2gYJsW61LhB3jCeih1Ry2Z3d1dhIyIiIiIiIiLSApwK2TUUHaZWcCg6HAsJI2sQM2TQIGcQNSxDzsRpvMnGIduGYVMIG6b4ZifWsBERERERERERaQdOZWtrq1jDhowZhkFFEYOwQeDwGHETh0ohcBg6FdchI4e/169fT8+dO6ewERERERERERFpAU5lfX09jGAq1LBByJBFw1AoHlN0mBUQMhQcRtZgd5gZKgodatgwJIoqxlgghY2IiIiIiIiIyPjgVNbW1sKQKErUMKIpIVOGrBmGQzEzFIKGxwyVQt6wDDkTCw7zPIKHjRlXxc6YK1xhIyIiIiIiIiIyPjiVnZ2d4FhCnWCEDXIGIRPr0zAMimwasmpipg0rsozHpOXwmBo2bEvWzeXLlxU2IiIiIiIiIiItwKlQcoZRTIgbXEyCpCGLhmFOZNAgbBAzCBtEDo9jnRvWITWH9RA4/CW7hrnCFTYiIiIiIiIiIuODU2FIFI4FWYOPSU5OToKQIVuGGjZR1sSCwwyBYrYoMmuYC5xlDIliKNWdO3fSK1euhFDYiIiIiIiIiIiMD05lZWUleBZK1JAsk3zxxRdB1JA9QxYNwobHrED2DY9jnRsMz/Hxcah3w5CoODc46ToKGxERERERERGR8cGpMCQKYUOEGjYMayJjhho2iBgeI2zIsiH7hsyamFWDvEHwsOG9e/dCIWJmimLqKYWNiIiIiIiIiMj44FSoD0xQeJhRTwmSJk7tTRYN2TQ8RtjENByei8OikDWIGp6LNWwuXLigsBERERERERERaQFOhfrAZNngZqgbnOSn7UbCUM+G4VGsgKyhhg3rkFkT12EZG5Ndw862trYUNiIiIiIiIiIiLcCpMHqJmbjxMXfv3u3WsHn48GEQMIgZatTw71jDhsdk1kTDE4dOkWlDDRtSdaxhIyIiIiIiIiLSDpzKtWvXQv2amzdvhr8JMz+RYYOIidN2I2f4N8t4jmWIHYZFkV0Ta9cgerA/m5ubChsRERERERERkRbgVKhfg1/Z3d0NSTQJWTQUF0bEIGqoS8O/kTVk1lDoJta5iVN7I3DYmH9jgFZXVxU2IiIiIiIiIiItwKkwJIo6wUz8RNJMQtYMQiYuYFhUnNqbiPKGwsPIHIZFIXnIvCFFB/tjho2IiIiIiIiISDuisMGzkCRDgkzC0CeyZZgdCjlDkFWDwOE5BE5chtCJU3tTAAfzQ6qORYdFRERERERERNqBU8GtIGz29vbSe/fupUmsTxMza6K8IfOGoVJk35BpQ0YN4iYWIKZ+Taxc/OmnnypsRERERERERERagFO5evVqCCZ4wsuEGjZnZ2dBxiBvyKxB3CBsGP6ElGE4FI/5G0VNfI4aNufOnVPYiIiIiIiIiIi0AKeCW8GxkEhDskwSs2iQLzGzhpo1/JuaNWVZQ7YN6zNEiim9qV+zsbGhsBERERERERERaQFOJYxeun8/eBdm504QM2TWYG9OT0/T4+PjMPwJIUP2DY9jwWHW/frrr8MQKsZTMTc40gYDpLARERERERERERkfnMr29nZwLLiWUMMmZsyQRUORYYZEIWvIsmEZ/yazBqGDvGFdjM/h4WHP+ly6dElhIyIiIiIiIiLSApwK9Wti4WGGRYUaNmTWUMMGMUMmDTVskDPUqWEZGTUMnWJdhk6xjI1Zd2dnJ11bW1PYiIiIiIiIiIi0AKeyurqaXr9+PSTS4GGSOOSJYVH5zBpkDRk0yJvXr1+nL168CBvFjByGTe3v74fhUE7rLSIiIiIiIiLSDpwK9YEZCoWfYWRTkh/yRBYNsoZaNSynXk0sQMw6SByej8OiGFe1u7sb0nYUNiIiIiIiIiIi44NTISGmUMMGEYOQIZMm1rAh+HeUM2TVkFGDwCEb57PPPgvZNQcHB+ne3l66vr6usBERERERERERaQFO5fLlyyEoPUMJmiQWHOYv8gY5Q1YNQ6XIuiHThvo2CB3EDkWGqWMTM3MwQCsrKwobEREREREREZEW4FQuXrwYatgwJAr/krx8+TLIGuwNWTSIGurVIG5YFqf2Zh02ijVs2Jg0HcZYbW5uKmxERERERERERFqAU2H0EkOhGPVEgkxC9gzyBQmDqIkFiMmiYVgU2TZUJ0beUMOGdViXTJtYw8aiwyIiIiIiIiIi7cCpbG9vh9IzBM4lQcwgZMi0Qc6QZUPw75h9E6eUYhl1bJA3WB8KD/OXLBuFjYiIiIiIiIjI+OBUSIah7MytW7dCGZpQw4YhT2TTIG+QMwyDombN48ePQ4HhmFlD9k1ch2X8m/FVjLNS2IiIiIiIiIiIjA9OZXV1NQgbRj2RSJNQcBhZQ22aKGbIokHWIGYYMhWFDo/ZCKHDulgf6tdQxVhhIyIiIiIiIiIyPlHYMBM3o5pCDRvSbGIWTRzyxDKCf8dhUmzAsKg4oxRDoW7cuBGkDX8VNiIiIiIiIiIi44NTuXLlSnAs1ApG3CRk0pBFc3Z2FuQMBYiRNwyJIhA3sc5NzKw5PDwMwgbjw7+dJUpEREREREREpB04FZJhKDtz586d4F4SsmfImkHaIGYIhj8xNIoVGDt1dHQUhkXFdRA1DKEiM4eiOOfPn1fYiIiIiIiIiIi0AKdy4cKFkBCDawk1bMisYYhTLGpzcnISMm2ikGEZ8iZflBiBg8y5e/duKIhD2o7CRkRERERERERkfHAq6+vrYTpvRkIxK3cSZ36KmTYMg0LWxNmimNqbdXgca9jwd39/P4yt4q81bERERERERERE2oFTwa0cHByE+jW4loRiwggZsmgQMWTaUMeGLBsiFiVmGUWIWRfjQw0blrMTLJDCRkRERERERERkfHAqzMDNCCZq2OBiQoYNsoYMGwQMCxE1yBlkDmk4DH9inTh0iho2rMfz29vb6cWLFxU2IiIiIiIiIiItwKkwrTfSBg/DsKiEmjVImyhhkDUMi0LGIHB4joLDyJpYbJihUiwny8YaNiIiIiIiIiIi7cGpbGxsBFmDdwk1bMieQcRQSPj09DTIGrJoGPaEpKGGTcysoY4NM0Uha9iYucFv3rwZpp1S2IiIiIiIiIiIjA9OZWdnJwyHwrUwyVOoYYOsoZgww6DIsokFiAkex2FRPCa7hiLFLCMDh50EC6SwEREREREREREZG5zK1tZWevXq1TDBE1k2CRkzZNEgbRAwjJMiywYxQ0YNmTUUI6aGDZk1cWpvBA5/qWLMOCuFjYiIiIiIiIjI+OBUVlZWQtkZEmtwLglZM1HE5LNo4rAoZA0Ch788ZkOGSPGYGjbYn1AUR2EjIiIiIiIiIjI2OBUmdGJIFN4F/5IgXpA1DIOKM0HxZCwunBc6ZN+wDlk5bMz4KmvYiIiIiIiIiIi0B6fCCKb9/f309u3b3Ro2iBkkDWImZtEw1Akxw+xQiBxkDUOmYqYNQ6cIxA47+eSTTxQ2IiIiIiIiIiItwKlQw4aEGIRNmNYbIcNU3mTNIGaQMIgZBA4Fhxka9ezZs/Ts7Kw3VIqIzzEk6ty5cwobEREREREREZEW4FSoYRNKzmQTPyXIGbJn4pAnpAyzRfEkj5E1yJs4tTcZOSxjG7Jrrly54ixRIiIiIiIiIiItwamsra2F7BpGNCFtklifhkwbhkAxFAopEzNrmEGKdci8efr0aZA5DIs6ODgIO6Igzvb2tsJGRERERERERKQFOBXqBFPDBs/CJE8J9WoQMycnJyGLhho2Dx8+LGTWMPwp1rlhOc+zMeuys/X1dYWNiIiIiIiIiEgLcCpM6U0dG5JjwpCoWMMGEUOmDZk1yBkyaci0Qc7wGKHDcCkED8HGrM8OL1y4oLAREREREREREWkBTuX8+fPp5uZmSI4JwgYxg7RhyBNDnRgWhcBh+BNihuFQDJPiLzInrkfWDWk67MwaNiIiIiIiIiIi7cCpMAN3rGGDtEmQL2TKIGRiFg1SBlnDv5E3rMNj/vKYdRkSxRzhu7u7YdophY2IiIiIiIiIyPjgVG7evBkmdyI55vDwME0wN2TTxILDpN2QcUPmDREzbfI1bMi0YTuWU7mYLBuFjYiIiIiIiIjI+OBUSIZhWm8mdsK3hFmimNqb7Bkya5A1zAyFwEHWIGdiZs1XX30V6tqwIc+xPlk2q6urChsRERERERERkRbgVKgPfOXKlZAYg3tJyJpB2kRZQ5YNWTRxWBRZNggcpA0pORQhJguH50jTwQBRxVhhIyIiIiIiIiIyPjiVixcvBs+Cj2FUU8iw4QEShiwasm0oKEwga+IwKUTN48ePw/MMj6IADsVwCGvYiIiIiIiIiIi0A6dCMsz+/n6Ig4ODNEHMMNSJgsP8xeIgZ5A1LEPokE1zdHQUatjEosSsw3KKD1PJWGEjIiIiIiIiIjI+OJVr166F+jUImzCtN8OfEDNkzlCXJhYcRt6QUcO4qShvYsFhZA2ih9ml2BnjrBQ2IiIiIiIiIiLjg1MhGQZpg3chaSahPg3mhiFO/D09PQ01a2LBYTJs8rNDIWmoZ8PzWJ+rV6+GKsYKGxERERERERGR8cGpfPrpp2EUEyOf8C0JkgYRQzYNw50IsmoQM/wbgROLECNpqHNDDRsKEN+6dSvd29tLd3d3FTYiIiIiIiIiIi3AqTBDFJ7l5s2bXWGDrEHEMOwpX4CYab3JrOE55E3MtGGoFNsgbLA+CBtr2IiIiIiIiIiItCMKG0YxIWyoGZyQLUMWDcIGWRNr1lDThqwbpAx1bcisiZk2Ueqw7s7OTph6SmEjIiIiIiIiIjI+OBXqAyNscC64miRO442YQcKQRYOwIauG4sIMizo7O+vNDsW6iBsyb5jSm/o11rAREREREREREWkHToUaNoxiun//fnr37t00idN2xyFPWByGPCFnkDkMjSLDBnkT69xQdJhCOGTXkKpDFWOFjYiIiIiIiIjI+OBUcCyIGqQNZWhCDRsyZl6/fh2EDcOcYvoNciZO3x2FDst4jPFB4rCj9fV1hY2IiIiIiIiISAtwKtSwYQQTo5lIlEkoIsyQp3wNGzJrXrx4ETJqEDrM/80yNojDoljG89awERERERERERFpD07l/PnzYQQTriXUsHn58mXInqGGDUOjyKBB4iBueMy/yaxB1jx48CAsZxnDpJhmioI4m5ubChsRERERERERkRbgVJiBm1FMjGoKQ6IQMWTR8Bd5w2xQ2BwyaZA3Jycn4S+ihuUMn2JdNt7d3Q01bK5fv66wERERERERERFpAU5la2srvXPnThgSRd3gJNanYWpvhkEhZlhG+g2PkTMsYx3EDTNJIWsohEPGzcHBQRhnpbARERERERERERkfnApuhVFMCBvcS8L/Ub8GIROzaBjyxDJq1VBYOGbfIGzIvCHYjvVv3LiRrqysKGxERERERERERFqAUzl37ly35Mz9+8HHJBQcZpgTw6JYQL0agn/HgsMx04aMGrJvWMbzpOrEKsYKGxERERERERGR8cGpbGxsBO9CIg1/E4Y+IV+QNsfHxz15QxYNWTbIGwQN2TQUGmbZ06dPQyEc6tdQeJgsG4WNiIiIiIiIiMj44FRwK5SfwbOQZZMwOxTChiyaKGMQM8gb6togaxA4cehULDjMTtiWv+vr6wobEREREREREZEW4FQoOswIpu3t7ZBEkyBkkDNk2lCvhqm8ETPffPNNyKohDQeJw2Pq3DAkinViMWJmiGKucIWNiIiIiIiIiMj44FQuXLgQys7E8jQJWTRxGFRe1pB1Ex+zTpzam0wb5A7Pka5z6dKlMM5KYSMiIiIiIiIiMj44FfxKpYYN8iUOeeIx8oZMGmaLivKG4U8IG5aRXcOc4KTp3Lp1K9SyUdiIiIiIiIiIiIwPTgXHEmvY4FwSxkUx1IlhUQgbpAwCBzHz7bffhno2cWYo6tzwmA1jERxmirKGjYiIiIiIiIhIO3AqV69eDXVsbt++HUrTJEialy9fhswa5A1C5uTkJAicWMOGjBoeI3aocxOLECNy2CFzhStsRERERERERETGB6eytrYWsmxIosHNJMgZsmmQLxgcxAyZNciaOCwKocPfOHSKf/MX67O5uRnGWSlsRERERERERETGB6eyuroaRjRRw4ayNAnZM2TM8Pe7774LxYURM8gasm4YBsVwKAQOhofnETuMq6J+zd7eXrq7u6uwERERERERERFpAU4Ft4JrITmGv6GGDWKGrBqGPCFrkDdk1RDlGjasg+mhfg3LDw8PnSVKRERERERERKQlOBXq1zCtN8kxTP6UIGQYBkXmDGk3DHVCzCBwkDRxCBSPYzYOwbrUs2GH58+fV9iIiIiIiIiIiLQAp0J9YMrOkCSDj0li1kwsasOwKKbyjsOiEDnUuXn27FkQNGTksCG2B+tD/RozbERERERERERE2oFTWVlZCZ6FJBn8S8iwwd4gaJAziBmkDMFjhkUhaFiHrBoED5k2TOe9s7MTpve2ho2IiIiIiIiISDtwKszCTf0apA1/Qw0bMmzIrEHWIG4QM0z3HYdBkWnD0CgEDo+pX3NwcBCkDv8mZUdhIyIiIiIiIiIyPlHYXLt2LcgavEyCpCGLhmFQSBkCWcNjsm+YEYrH+UwbRA3ihr/skHFWChsRERERERERkfHBqTAkCmETnUuCiCHDhiyaWICYzBpEDUYHcRNlzYMHD0IGDusjdhgORQVjQmEjIiIiIiIiIjI+OJX19fUwnXcczRQybCggjJBB1JBNg6xhGUOgqFmDyGED/rIO04AznTc1bKhfQ5aNwkZEREREREREZHxwKjdu3Aii5t69e11hE1NtqGGDrCGrhmAqb4TN559/HioUI3SQN8gasnHi0CjEjTVsRERERERERETagVO5fv16CIoOhxo2SJnT09OerGGoE/KGINMGWYPQQdYgbXjMsCjWY5opdnbx4kWFjYiIiIiIiIhIC3Aq1LDZ3t4OboZSNAk1axAycdpuxA3ZNWTWkElDRk2cLYqZoZA0sYYNU3tbw0ZEREREREREpD04ldXV1XRvby+4GPxLgogha4aaNcgaatow1IksGrJvkDXUrolTe8caNoynYqopdkYtG4WNiIiIiIiIiMj44FSYIQrHQlB8OEHUkFFzcnIShA2ZNQyFYkgU2TdIGmQNw6GYMQrBQ90aNkbasCMqGStsRERERERERETGB6eytbUVAs+Ci0mQNMgZsmgYFoXAQdQQLEPgkGkTHyNpGBbFxjxHdo01bERERERERERE2oFTwa1Qw4akmVB0mKwZJA2yhuwZChAjZ3gy1rCJU3vHOjcMmyILh8rF1K9xWm8RERERERERkXbgVD755JNQeoZRTWTZJAx1omYNf1++fBmGRVHT5sGDB73ZoRA0ZNNEWYO8YV5wsmuQNtawERERERERERFpB07lxo0b6f7+fpjgKRQdRsQgYcisIduGx2TcMEwKgROn9mYd6twwPIrHGB8ybtjZpUuXFDYiIiIiIiIiIi3AqTB6KRYeDjVsKDiMrEHIIGAYBoW4QdaQdUNWDeswTIrpvJE1zCDFxvybnV24cEFhIyIiIiIiIiLSApwKNWxwLDgXfEzCNN38gwUImVjDJmbWMPyJrBoEDcOkGD5FXRuWk6azubkZ6tgobERERERERERExgensrGxEUYxkUyDf0moU4OYiVN5U7OGYVEsQ+DwGEHDMCnWpcYN8obxVOyIWja7u7sKGxERERERERGRFuBUyK6h6DC1gkPR4VhIGFmDmCGDBjmDqGEZciZO4002Dtk2DJtC2DDFNzuxho2IiIiIiIiISDtwKltbW8UaNmTMMAwqihiEDQKHx4ibOFQKgcPQqbgOGTn8vX79enru3DmFjYiIiIiIiIhIC3Aq6+vrYQRToYYNQoYsGoZC8Ziiw6yAkKHgMLIGu8PMUFHoUMOGIVFUMcYCKWxERERERERERMYHp7K2thaGRFGihhFNCZkyZM0wHIqZoRA0PGaoFPKGZciZWHCY5xE8bMy4KnbGXOEKGxERERERERGR8cGp7OzsBMcS6gQjbOJMULE+DcOgyKYhqyZm2rAiy3hMWg6PqWGD2CHr5vLlywobEREREREREZEW4FQoOcMoJsQNLiZB0pBFwzAnMmgQNogZhA0ih8exzg3rIHhYD4HDX7JrmCucnbNDwzAMwzAMwzAMwzAMY/TAqTAkCsfCY3xMcnJyEoQM2TLUsImyJhYcZggUs0WRWcNc4CxjSBRDqe7cuZNeuXIlBDt/9eqVYRiGYRiGYRiGYRiGMUbgVFZWVoJnoUQNyTLJF198EUQN2TNk0SBseMwKZN/wONa5wfAcHx+HejcMiYpzg5Ouo7AxDMMwDMMwDMMwDMMYP3AqDIlC2BChhg3DmsiYoYYNIobHCBuybMi+IbMmZtUgbxA8bHjv3r1QiJiZoph6SmFjGIZhGIZhGIZhGIYxfuBUqA9MUHiYUU8JkiZO7U0WDdk0PEbYxDQcnovDopA1iBqeizVsLly4oLAxDMMwDMMwDMMwDMNoETgV6gOTZYOboW5wkp+2GwlDPRuGR7ECsoYaNqxDZk1ch2VsTHYNO9va2lLYGIZhGIZhGIZhGIZhtAicCqOXmIkbH3P37t1uDZuHDx8GAYOYoUYN/441bHhMZk00PHHoFJk21LAhVccaNoZhGIZhGIZhGIZhGO0Cp3Lt2rVQv+bmzZvhb8LMT2TYIGLitN3IGf7NMp5jGWKHYVFk18TaNYge7M/m5qbCxjAMwzAMwzAMwzAMo0XgVKhfg1/Z3d0NSTQJWTQUF0bEIGqoS8O/kTVk1lDoJta5iVN7I3DYmH9jgFZXVxU2hmEYhmEYhmEYhmEYLQKnwpAo6gQz8RNJMwlZMwiZuIBhUXFqbyLKGwoPI3MYFoXkIfOGFB3sjxk2hmEYhmEYhmEYhmEY7SIKGzwLSTIkyCQMfSJbhtmhkDMEWTUIHJ5D4MRlCJ04tTcFcDA/pOpYdNgwDMMwDMMwDMMwDKNd4FRwKwibvb299N69e2kS69PEzJoob8i8YagU2Tdk2pBRg7iJBYipXxMrF3/66acKG8MwDGOu4t6X99J/2vin9G8/+tv0b/7v3xhzGJw7ziHnsu4cx/BcL0+M2icMwzAMY9YCp3L16tUQTPCElwk1bM7OzoKMQd6QWYO4Qdgw/Akpw3AoHvM3ipr4HDVszp07p7AxDMMw5ib4MccPux/+xw/TH638KP3xyo+NOQzOHeeQc9n0A91zvVwxSp8wDMMwjFkMnApuBcdCIg3JMknMokG+xMwaatbwb2rWlGUN2TaszxAppvSmfs3GxobCxjAMw5ib4L/A86Ou7gefMX/BueSceq6NGIP6hGEYhmHMYuBUwuil+/eDd2F27gQxQ2YN9ub09DQ9Pj4Ow58QMmTf8DgWHGbdr7/+OgyhYjwVc4MjbTBAChvDMAxjXoL/+m62xeIE55Jz6rk2YgzqE4ZhGIYxi4FT2d7eDo4F1xJq2MSMGbJoKDLMkChkDVk2LOPfZNYgdJA3rIvxOTw87FmfS5cuKWwMwzCMuQlqXdT9yDPmNzinnmsjH019wjAMwzBmMXAq1K+JhYcZFhVq2JBZQw0bxAyZNNSwQc5Qp4ZlZNQwdIp1GTrFMjZm3Z2dnXRtbU1hYxiGYcxN+CN+8UJhY5RDYWMYhmHMU+BUVldX0+vXr4dEGjxMEoc8MSwqn1mDrCGDBnnz+vXr9MWLF2GjmJHDsKn9/f0wHMppvQ3DMIx5Cn/EL14obIxyKGwMwzCMeQqcCvWBGQqFn2FkU6hhE4c8kUWDrGEZ8oZ6NbEAMesgcXg+DotiXNXu7m5I21HYGIZhGPMS/ohfvFDYGOVQ2BiGYRjzFDgVEmIKNWwQMQgZMmliDRuCf0c5Q1YNGTUIHLJxPvvss5Bdc3BwkO7t7aXr6+sKG8MwDGNuwh/xixcKG6McChvDMAxjngKncvny5RCUnqEETRILDvMXeYOcIauGoVJk3ZBpQ30bhA5ihyLD1LGJxYgxQCsrKwobwzAMY27CH/GLFwoboxwKG8MwDGOeAqdy8eLFUMOGIVH4l+Tly5dB1mBvyKJB1FCvBnHDsji1N+uwUaxhw8ak6TDGanNzU2FjGIZhzE1M+kf8hy9epemfDtMPa54zvp9Q2Mx3bJylaXq2Uftc21DYGIZhGPMUOBVGLzEUilFPJMgkZM8gX5AwiJpYgJgsGoZFkW1DdWLkDTVsWId1ybSJNWwsOmwYhmHMU0zuR/yH6eGfOj804Z0Lm9xrnayl79WuM1qEH8fpUbpR81z7iMc36f2OFpMXNj9NPzh6kh7HNoe/vklfvX6U7v72/az9NzrvtsM7O/fveP8PDtNXnd2/evFh/fPfY3T7JEyu/yhsDMMwjHkKnMr29nYoPUPgXBLEDEKGTBvkDFk2BP+O2TdxSimWUccGeYP1ofAwf8myUdgYhmEY8xKTETbZj+nIuxY2nc/rN9lLpX99kq5drllnxHg3wuaDdO/1m/TNnzvHVvv8u43JCptfpBunWWv/9VV6fHaUHp0e9eVN71yvpU/+3HnPr/fSDyr7mES84/3PpLCBV+nhg/r1xgmFjWEYhjFPgVMhGYayM7du3QplaEING4Y8kU2DvEHOMAyKmjWPHz8OBYZjZg3ZN3EdlvFvxlcxzkphYxiGYcxLvLWwyX7oFnjHwuY33yIQjtPDF8/Dyz15+l7teqPEuxE2042JCpsox/5nL/2gJMZ+em8tfXS6927l3PcVMytsuhx9Ub/uqKGwMQzDMOYpcCqrq6tB2DDqiUSahILDyBpq00QxQxYNsgYxw5CpKHR4zEYIHdbF+lC/hirGChvDMAxjXuJthE2oV9OKt8ka+E366M+dXfxhL/317m4alM3ZRmlYVDYk6U+H6W/ub6VHf4wZIm/SVy/X0l/k16nQlze/+Hyvvy386Xl6+CQOAerEF928oqMvGDJ0lL76K+sgq/qv35cZ76Xv/+5RYVjRmz8epVv3f5o9T2SZSp3389Nw3DwYv60mKmyy93j89a/rn+9F/9j7y7J2+UvYRcjQef7tk/SYf/fWq9uubnn9esPOUbePdtrw0Qfp1umr9A3nqMObPz5J125l+8neY5mevLnc2fblcff8Av3odCv94Fq2/ViRvY82VNpo9FDYGIZhGPMUUdgwEzejmkING9JsYhZNHPLEMoJ/x2FSbMCwqDijFEOhbty4EaQNfxU2hmEYxrxEW2FTlwUwFm2zcLKMj65AeD/d+wM7O0o3CtkfJRnzx+fdYTyZODh+zrY/Sz/83Vb6KGx/nD462kq3QnyU/rqzj190fsTzOm/+cJQeftlZ/uVhehT2+SY9+v3Puq+T/dB/85dMGHT+vvkfMk6qwubDr4Om6CzL9vf1k+x4XqWHD2OGUPZjnv3w968MqzpO96YpbDrfgQKvtjLR1RRlofJeT+i9+cOTdI+25T0j22CIiKkur643yjnqSUVkC8Ko0w+O/pCdL6Qf+7r3UefYsn2d7WX9YCtde9jZx+XOuUScBdnUfW7v5XH3/Pxx/D48retGYWMYhmHMU+BUrly5EhwLtYIRNwmZNGTRnJ2dBTlDAWLkDUOiCMRNrHMTM2sODw+DsMH48G9niTIMwzDmKcb/Ed+UmTImLX94dodD9bNO3n/eFSFHX+SHRcVjfJU+ymfEXF5Ln/DDvfNDO9ZBqR0Sla335myjKCkuf9TL7nmfxzEz4w+P0nP7Na8f3+PuVjcTKAqCGLc6yzme3vJMSvz1uHjcY8ZEhQ3vJWT6dPjzcXr07V668V8fpL+oZJeUhMq9vW4mTUX0DBcxI6034jmKwubVd+fS93tS77107SQsTQ/vZ8sahkT9Ooi2vFTrxi++zIbjPekvGyXeWtgExh/Cp7AxDMMw5ilwKiTDUHbmzp07wb0kZM+QNYO0QcwQDH9iaBQrMHbq6OgoDIuK6yBqGEJFZg5Fcc6fP6+wMQzDMOYmWv2IbxhCMhathE02HCq/7d1MDHR+uPcFR0mY9OKDrnzILa8VNr/n/b1Jn/z+/fT9u8XYDb//s/WzdqjWFym+/ntH3R/3z4+qtXbOBXFwnO7d5XGTvBgvJitsOnGtOyQoDieKvPmfR+laT1QVj/2Db2ioN+mj35b2NUzEjLreiOeoNySqlKXUPb7c8lphk/UXsqZKr/H+549qBc+wmISwaVNnR2FjGIZhzFPgVC5cuBASYnAtoYYNmTUMcYpFbU5OTkKmTRQyLEPe5IsSI3CQOXfv3g0FcUjbUdgYhmEY8xKtf8THH9BtaSNsftsdDlX8wVo3LKpJ2GQ/mIcIm94wmkbGEzY9afCwvF7/tbqZGk3yYryYuLDpxXvpz/Z+k64x9CgOK/pLpy12ea547N12fZ7uhufyMUTEjLjeqOeoSdh0z90wYZO95gC+X2FT8z5GDIWNYRiGMU+BU1lfXw/TeTMSilm5kzjzU8y0YRgUsibOFsXU3qzD41jDhr/7+/thbBV/rWFjGIZhzFO83Y/4TEyUaSNjRoiPvsskQQPP/zurLTMRYVMvWAqxdMImH3FYUef9/57HxWOPwmarMuX6YBEz6nqjnqOJCJtXW62Hp7WJeqlT7KPjhsLGMAzDmKfAqeBWDg4OQv0aXEtCMWGEDFk0iBgybahjQ5YNEYsSs4wixKyL8aGGDcvZCRZIYWMYhmHMS0ziR3zlB+Y7ETZZbZJYODYfZ1kR2M4P65+Fdd9O2HSH26Tp8y+jAGqIcYdE1eyvOyTqVVZLpUlejBffj7D5cfqLZ7F+EI9HFSqDRczI6414jt5O2GRDov78KP2ot+zdx7u4nhQ2hmEYxjwFToUZuBnBRA0bXEzIsEHWkGGDgGEhogY5g8whDYfhT6wTh05Rw4b1eH57ezu9ePGiwsYwDMOYm5jYj/hMXgTehbDJhkO9+fY3Nc/HTJ/n6VYYgjOusCllgsQiwX/OTf0c49pv0sNTZoLq/HtEYdPbH7MK5V+nqehwRV6MF5MUNh9+8zw9evZRrmBvFnH2JOrv3GNZ8djfe9qdXerNdx8VslN+ev+wV3Oou+xctxD0nx+lv+mtxxToT7oSrknYjHiO3k7YxCLXzEr2QSnLpnOMR0fpo5BdNNnIC5txh1w1hcLGMAzDmKfAqTCtN9IGD8OwqISaNUibKGGQNQyLQsYgcHiOgsPImlhsmKFSLCfLxho2hmEYxrzFxIQNkf3ofRfCppuJ8iZ99Kj++e5sPmk2LGp0YfN+liVCAd3do730yR8ehWybOGU0GT1HL3bTraPd9PA0K7wbtx9V2HTiw1DklmUjTOs9S8ImCI8ur/6nn9H0KitAjFDoiozysUeh0yGbVv15fAy99d7rnNuuFEn/lE2/HjKpuosahU0nRjlHIwsbxFF2Po6+3kp3X3Te59cf5sQUfSROT/6o916q5/7tIwqbSe5bYWMYhmHMU+BUNjY2gqzBu4QaNmTPIGIoJHx6ehpkDVk0DHtC0lDDJmbWUMeGmaKQNWzM3OA3b94M004pbAzDMIx5iYkKmxCdH9Y1ouTtIsvCGLTf3DTSPxtD2Px45Rfp2stX/RmQ/vIkXcue+8Wj3fTJ//SFRfrXN+mrzo/23d9mU26PIWwQEx8cPUmPWZ7x5o9H6db9n+a2mz1h8+Nrv04/eoagyKRKxps/HadPjj5If9pbt+bYb51LD1/326/7frfCeoXMkcsfpFunOTH0+jA9t99db5CwIYado9GFzY/T9x7upc/j+ens5/nzD7rPdY5v7cVR+ioInYy/IIk20g8q05u/fWyc1RzvW4bCxjAMw5inwKns7OyE4VC4FiZ5CjVskDUUE2YYFFk2sQAxweM4LIrHZNdQpJhlZOCwk2CBFDaGYRjGnMTkhY0x7ZiosJl0ZNOwv/omkyHG9xIKG8MwDGOeAqeytbWVXr16NUzwRJZNQsYMWTRIGwQM46TIskHMkFFDZg3FiKlhQ2ZNnNobgcNfqhgzzkphYxiGYcxLKGwWL2ZZ2PziSyrPNA9tM95NKGwMwzCMeQqcysrKSig7Q2INziUhayaKmHwWTRwWhaxB4PCXx2zIECkeU8MG+xOK4ihsDMMwjDkJhc3ixawIm43TN+mr10fpo6+3+vVl0DVnG+kvatY33l0obAzDMIx5CpwKEzoxJArvgn9JyKxB1jAMKs4ExZOxuHBe6JB9wzpk5bAx46usYWMYhmHMWyhsFi9mRdj85sWr9E2p7svzF+eqM04Z7zwUNoZhGMY8BU6FEUz7+/vp7du3uzVskDBIGsRMzKJhqBNihtmhEDnIGsROzLRh6BSB2GEnn3zyicLGMAzDmJtQ2CxezIqwMWYnFDaGYRjGPAVOhRo2JMQgbMK03ggYpvImawYxg4RBzCBwKDjM0Khnz56lZ2dnvaFSRHyOIVHnzp1T2BiGYRhzE/6IX7xQ2BjlUNgYhmEY8xQ4FWrYhJIz2cRPCXImDovC4CBlmC2KJ3mMrEHexKm9GSrFMrYhu+bKlSvOEmUYhmHMVfgjfvFCYWOUQ2FjGIZhzFPgVNbW1kJ2DSOakDZJrE/D0CeGQDEUCikTM2uYQYp1yLx5+vRpkDlk5RwcHIQdURBne3tbYWMYhmHMTfztR3+b/mjlR7U/8oz5C84l59RzbcQY1CcMwzAMYxYDp0KdYGrY4FmY5CmhXg1i5uTkJGTRUMPm4cOHhcwahj/FOjcs53k2Zl12tr6+rrAxDMMw5ib+aeOf0h/+xw9rf+gZ8xecS86p59qIMahPGIZhGMYsBk6FKb2pY0NyTBgSRWYNNWwQMWTakFmDnCGThkwb5AyPEToMl0LwEGzM+uzwwoULChvDMAxjbuLel/fCf33nR53ZF/MbnDvOIeeSc+q5NkbpE4ZhGIYxi4FTOX/+fLq5uRmSY4KwQcwgbRjyxFAnhkUhcBj+hJhhOBTDpPiLzInrkXVDmg47s4aNYRiGMW/Bjzn+Czw/7Kh1YcxfcO44h8N+mHuulydG7ROGYRiGMWuBU2EG7ljDBmkTZokiUwYhE7NokDLIGv6NvGEdHvOXx6zLkCjmCN/d3Q3TTilsDMMwDMMwDMMwDMMwxg+cys2bN8PkTiTHHB4epgnmhmyaWHCYtBsybsi8IWKmTb6GDZk2bMdyKheTZaOwMQzDMAzDMAzDMAzDGD9wKiTDMK03EzvhW8IsUUztTfYMmTXIGmaGQuAga5AzMbPmq6++CnVt2JDnWJ8sm9XVVYWNYRiGYRiGYRiGYRhGi8CpUB/4ypUrITEG95KQNYO0ibKGLBuyaOKwKLJsEDhIG1JyKEJMFg7PkaaDAaKKscLGMAzDMAzDMAzDMAxj/MCpXLx4MXgWfAyjmkKGDQ+QMGTRkG1DQWECWROHSSFqHj9+HJ5neBQFcCiGQ1jDxjAMwzAMwzAMwzAMo13gVEiG2d/fD3FwcJAmSBiGOlFwmL9YHOQMsoZlCB2yaY6OjkINm1iUmHVYTvFhKhkrbAzDMAzDMAzDMAzDMMYPnMq1a9dC/RqETZjWO8oaMmeoSxMLDrMcmcO4qShvYsFhZA0ZOMwuxc4YZ6WwMQzDMAzDMAzDMAzDGD9wKiTDIG3wLiTNJNSnwdwwxIm/p6enoWZNLDhMhk1+digkDfVseJ7ppq5evRqqGLPz169f176wYRiGYRiGYRiGYRiGUQ1cCk7l0qVLYRQTI5/IskmQNIgYsmkY7kSQVYOY4d8InFiEGElDnRseU4D41q1bQdowVzg7f/PmTe2LG4ZhGIZhGIZhGIZhGNXApeBUqGFDnWAcSxA2yBpEDMOe8gWImdabzBqeQ97ETBskDtvEGaMQNp9++mnY+V/+8pf0j3/8o5k2hmEYhmEYhmEYhmEYAwJ3gkPBpeBUGMGEtCE5hprBCTM+kUWDsEHWxJo11LQh64ZUHOraxMwaNmI9lvE8O0LYfPbf3SwbwzAMwzAMwzAMwzAMY/TAqVDDhlm48TJfffVV+v8DyYUeBH+7HKMAAAAASUVORK5CYII=','2022-05-01',178,90,2,1),(7,1,'354353453453','afvd','dfgdf',1,NULL,NULL,'2022-05-02',23,23,1,1),(8,1,'10077894451','Andres','Capera',2,NULL,_binary 'data:image/png;base64,iVBORw0KGgoAAAANSUhEUgAAARoAAACyCAMAAACqVfC/AAABblBMVEX////e6/evr6/8/Pze3t7t7e3h4eHq6urT09P6+vri7vm8vLz39/fn5+f19fWmpqbIyMjOzs7FxcWSt9zY2Nirq6sAAADSz8zw9Pqsx+a2trbCzdiVlZWdttaau+CIiIi2z+qRrs6Dg4OTk5NycnKenp7F2u97e3t8osZVVVVxqcVmZmZISEg2NjZubm6Hj5ZfX1+CipE9PT3J1eByeX+osrsiIiJtdHpdY2hOTk6UnaUvLy/V4u3K1eUXFxestr/+9u24w835yZX71az+79/9/+31/9f64ODtvLxVWl91q9b95s7Q5bySxFuizHb2/Obg8sCNwlCcyWu+2qTd7sX1/9SozoPC4YzN3MD0/8eIl3y633zH46Dw/8Cbu3+ty9zl+q+Kt1uUutBIj7UshbpanM3Dc3O9YmLSlpaqJibt1NTYp6ewQkKhAABzTU1ujrOddXXOiYnCk5OwMjLUrq51hZkXf7r83r/5xIn6z6Hiesi5AAAepklEQVR4nO2diYObRpbGEYcAcWPQuhExDggzsk50CzGtbtuZpO3JZI6da2dms5vEuSazs9mdjSf//VYVQiokdNmS3In9Je6mhYTgx6tXr14dEBRNnFcUrsPenX5g9cW9jnSgGJYQNcIgV2RJBEHPt4Vjf+cPRCxNiKqtr74skormz7eLHsPuob3edLbjvMpRGC5Fw1fFHGZGbbFpnuKe3GYp6CdAU7Ry91cXW+RZzucWaYGGy3fDZM7WG6IlmmLu/rdo3qJZ18Fo3uNPfk63RFk07FottYLm5x/++sNffHSmc3vNyqAhm00QTZIq4S4QZdH8/HcfvffeL391de6zfC3KoAm4DvjZYIkql+6HQGhmvnX166v3PvrZz375i9dzrmdWBg07CcAf2mWnuWiKACD0cDrf+s2/QjK//e2f3ns9J3teJTEuQsPUgyAABsKolrHwtQCIVu2SHNr63XsffQTI/PH3fxBlqKO35W6VklZjYjV0VagBNE6t1lhUVwAIayu+jrZ+gYzmj3/8/b+RFpTCvrbzPoNwNATZmMoE0cL3Q6uxCZ5KrOZniMxf/vSHub3kNy5+JMqg4S0LVE2dZne6aDUAINzlpGujrZ//GZH5y4f0vCz9qDMVGTRO9xIUqAmD7YdorHSL+PCPvwVk/vTvRYaCeSQMzccPd6p0xss6hjJobA+iIR3PldL9sIZqNutSguajX/35L//xp/80IJrlp4E++aR07+mdexv19OmDwqd3z3xtr6gMGsFQgK+hTU/HQz6KZYRgHvy997tf//o3NC3J+KeBHlJPH5S2qXBxP/74rFf2ysqgqdaG4Kc+rHYX+wEQWdA9ZxkXiwzLzo1mgYZ/eAdc/VaV7l98cr7LOoYyaHTGB+YAKvDASPcDIJLrwJdTNJS4DGgWaD57sIMMYPP0B4zG9RugkUB0upNypqGwurX6aYDm+U4ywGzeFU8QI/Kf3Nmqe+nGg21H+eDzL75kVl7D0Mi+okDzkFmWxRsK4OsFZTsa8c5uNIXCT+QTJDSe3y9sdXILZ3fn/uaDfP7Vt19+8dXXeRcnQTS8qpHQDbvdbhOPhplq51LKR5OGfJvQZF/9CXN8NA8u9rkp6FzubKwh//rN+6L8/l//ljVqDA1oaw7LwKosLZuUoLtmk9jPakqlGOBANwn8F5cG0DmD36dDc7EnGKD4fu4ReEL86n35faDPv8y5uDmawBkC85isJiVAA9PeA01pEM16zetZb3Y9Az/iWdRrx4O4NBtVKidCQxF7Gw04v4vcY9ja11/wkMz7H3yTc3FzNLIAG+LaZa2Z9TWEWN0LTb/dH/cHk9moH0bjZjweDbpRVInGN6PSadA4xiFo3sELjCwk0r3yf30Ljebrr7/+KlOiMmj8BkxlEUxx+RZYoCadyT5oCteDGTCcaNAbDGZRexBFs/agMiuEYONEaLzy3+doSovfcGPBq5RBg309ZUmJWKX839++j9B88JW8fnHzuMarDZMaLING5AyO2cvXpJUBXjHMXc9J0Oj25U/mTm48BqW20ovBLen14j78o9DrlcIe3EjRYJlva3GJPvP1NwmZv36TOcEMGs7W0DdOMy3vta3VT2NueH7fEIxSes/SW3dsNFLRZ+cFqjQaDRojUIJHYXswGYXjQf+mMGjE7ZvBaJyLBjsO9dUHkMwH3/wPg3cbZK3GE6BJ+aSI+xqOVBh3P6uZgBs1Ho+vK7NBpde4vo4rQPH1qdCAG5iiaV9H7et21G/P2u0wAv8NwjgK40HUnoXxDjTEP/72AUDz+Ve0tBGN6tsQjVWr4VajtZr+Vl8jE/wczXjQuDseAU8cDtqjcX82GYz7/ejm+jQFCkOTF/YV0qK9y2oI4su/ffHF/36jFtmNaJBEiem4i/0oAerbaj4aHSUv6Dp7L0ETtsNSG1TiIbiH4H61QfU0GIRh5dRWU1pxxvOijf4t6GxBQ7z/5bf/KBalTLY7g0YzABO+GujZuMbtTja4YYI0TZM0y9N7aciX+t2MRz55geoP4jguxL3ZDBQesFEohHFc6oN/UW/U7vdHvc1uOJXIMNnzy6BxOy1oOxpKEc+vHfiaFqFv8DWgMAEZl+S9lfCiVOr1VurO06EBPrh/E01u+oNRfxyOw34IXhl34/6sGbd748ogRYPhWL8aihfzGgpzNIwFCg6wHUXB0Wg1xdvgaxIVaWKBJu4VenGvBCKcuBfHA1CBxidHU+j3wxEA0QcxZwS88GxUAq9EhbA97lX67QrwyKhs/V1ZDMUz9+gLyfYoTGAYLGiKsmigw+al7/va9pESy+ZlbzIezLphGN6MQV1606+0b0onR7MaTJUWrxQSXzx3w/JCeSPQVpVBE2goGjatFp4bXtta1wINaDC1w/Yo6oPaM4qiEfi/f3o0+wnzNTBLKTM70kfZAlVz4F9kZ4qjEU16Qu9rNXmV6O1Ds5dwNEyDbCImno8nJVS3oS98jQgKKW9QBC8xxDIztYyGs22EQobOSdDsTaZQeAU0xZqDrt9vTvFUllgn1UWWD9ZVviCbmssJlunpmgrr+TmauBvfzELgX4AvHIS9Ua8CStU4Gg1OF/Ld352UTo3mooejIQ1w8YKx8eCr0XB3Cv2v4pRxNIQ5cagUjeywBBvUuHrVBSGNRVYnBIYGVJ7jXjQphOPSTb83jq8BIFBztE+Hhnoeb8l64nrwExZrWDNVcLfrtOD5Gw+f7Wxxu7BACRa7KFEkHDss+ovOFk2xKJqklaLAkYJkWYKAowGtuUG/PwNBcRjdRONePBoV+rPB6QoUBb56S88g3kn4riFhaGjP1YmW5LSqGw+fQVPUUAvBa9qN1OnCuCYg6K1xDZ4AXXHAaRV6OjRQskRz/7JLBp1pIelwrDRovOcPYYTC0LDTbrcJC5TerF2mbWoIpNUdGvvWUNt0KjSUzLDSbrEHjgfK1FBVtc7AkM9P8jZQqECh4Pj2ooFTXOa/c9+3dedmZfu8pw1w8ppmZaJh+Lq3Hc0+XXSFB6dDcxKtJyUIqRtM8Y5dWWl0NiQlUvGf7SZTevrJDxmNhiJo119mM2Da3E9HgG7Wp6tN73UyD37QaOwGSu8pCmooiJZrIV8zHJadHWgeXtzZFVbcefea/SGjQT0Kes2CJiR3gwACKSZ5ra1o7j789Pmdi/sbdfH8s4cPiz9cNBRFopqJ7ZioKaUaNIprug4wnx3TN6i7d+MeTJJXokqeOMMoSsxxr+R8aNjp5RT2eRNOqw4Nhe8GnSTk47gNwwEy4mUGSLbQr1wdeaDxOQuUq3agudDNLowb5UYNFSjJIYwdSYlEFA8Ejshv0LGn054TDV1P8jVeEtZoNQ1ZjUdIrf3nQ61Nbj2Zzh/XEIRVhnGNPKz6KAE69GGT6s1Gw/gebBKYNQF95UTlUMjHmepeBSrR+dAw8u73vIKyvsZGo2KNZI6CPBVQgVLNunwrC9SJNUdTTOKaSRV6GZ9ERiMOA1SgtHJ5GhyMRgdlUkOfoU94c2USNGH000yVyFgNS+oQitVswqBY9IoSAqKxhn4oGh567ipt+QLtG4q6OZf2ipIUgmgVTcVVfN3XbF0RjjZVH0MjeUq9CQqUZlkkvNHikNSTgfi17o5+KFxzq3GLOkADzrjh+a3qyeZ5uIwO0ASKo3qu7SlWvbUt3XuQcKsxqnoNxDWm66A5CpSuGOlUsR2pLFxzq9GBDzcEEAFzrKTTq2NyjyYO/qcXJVYrMrozUdXjFd9MgZJbNr5v0jBR5a2YysEF6hxaq7n5o96BzGhzuzaBfcGyq8LvkBtyDRWoerW1YUh1ns4Y12zO6x5D2QFrqgLvhN2pA98iEk5XRTNbVIfcNIgkRz/OkC8QJtDJaJdonmG1kbhhGUTDwpuOhm2A+EW0FQ82okSzburzuZfSjs4WXD9OND5XlQnerLs1lK9pdd0k5LssHx7ynUFnQZPOUegMYdWn1Lso5GtQ/EusRPLjREMoyRA3DYVNVK3mvEUzb0M5SZZv/sWk55AvgeZ8E5zPicZzyjCuoacd2OdS5DT6rdXM0Zg0GkrtaMGeEwwxpUlOVtv+viPqnGjsCVxugzC6aHCs3AHfvCcayUx1xrUUzolGNUw0ED+58WJ34u6LZt/SdlSdEQ1X7iBfQ04nqGBZtrUnGoPbsvNkOiMa3jNomADVaRISYrr16ls08wIldLrA13DlLlwkgOCDAMQ1i/SHvekQxGtEc0pl0JCNGrQazSdRFx0c5ka680VkPX1jpyTDqNt2nkyGduAHNver5snC0Gg0hWbx+C0fFiixAdtQVSuZvukpBgelcesyLNJYezHvjXmvvbx0YfdXaNt2bpXhYWi6mluFNmq2SBQUm7DlvShQ2zLfr6dAsadNZSnplwA0tXK5DK1G8gWIhmm4tTfZDeNoeJFHw0eFaRINd4bmidDwMluEYvdeZWL+CQmfk3IENEVjrpx9OBpgKOgvv4aSEgTnqMkiLYS+o8/7IDQyp2pGEY1XpTlN5fboAqDTTxQNTTVSHkdAw809s57DJrvQ5bQOflKMj/yKPBQQGs0ljB1ZvkPQGBgLuOIWo+36MK9Ji0Gw4BOsOj/AEdDQ89PgGGltXwaNW5+CqqnOEWieoTh0kgJV615yR0NTTK4LX8Se2RKfoDbdyicINdl3HDToiBpVXOuoyaCRXfhn1ZSTRVoEEg0HkDVVKx4NTXLLl9fJAzRb8hhCAEgkRWjxieL8VI6HhpJUbe36MF8jladNOBBfbDVQvzHfCOqoH6rlBjvG8u2HBvVhqqqRFihUPCiG03PQMKYCZfrlBqPBe8PIPMXzMlPkdPWYaBamuHYSGavxjDo2XVNsTIKkR4ES+VdCQ4lQvDHUgAlomq5yBl2UQIVDA6+qq6q+Xk+Z8xPWhhoByHCqngqAspKpgYy6z9Vv1RwNTDRtR6MOGxTBg9DXQgVPMYsMiVZzbGxYvybVDjTWfJ5seUgThgHgqCr4AQQuWNV0g1sb5bc4UdiPajCari2kq5ImJiwNJZEJTIw0lcMEPsQs0YiUzq+chIWjQRJ9xUFzFORyy26A/VzSznp5NPrcwxk1GfpUmdMQHBUBUjkGXP/q1L/MPdTgmBQDfUTjaJmiVClT4SfXtCkG2Bg5we9M0PAQjbA6ZiE7lk9F5UmbOrBSEBvDDhzER9fqnR193tvRKPPfDA9OBFU3IoOKU1FCHoRS1xcOz6JZWBW8DpFfQfMKQmggGYDG2IbGrg/hOXqdBroAidY0YDWiYMMZ49vQ0FsHtSRo0OUBp5upt+FJAVteQ0Pj9Xn6EZR8hk7raGjAjZqTEfntaFwBdVuKgbfYn/R5d7f3eWu2v62LRcG2ZWNZCc+vFKHJPq6Hxz9CGBga5M9V9ghoYLqOMqg90YgBcLfMtNtooKFHrS7qotN8lLrZgoYpl7c1gnOvMyEzR8NoKy5SyvlI+naR0vyXWANapDMqKpcCRdApmV1oPBN17Pp6AO2ZqVVRXMOVm8PFzJa7udNWwlHy+27uTGoFHyWEm0B6qfr2eR0GkSEjSq0ycFWHTdomZFPNSim7IkCTHnUHGqXmwduhDVFnC+UoKG0u6qo+j4Y//uzplukr9y/uPP80Z3nYzWjEFM3W6zSIzPt59XIIav0De3XU1fjAhpe+QCOL22so2dewQix2WQZFw7VaLamhPv5u+8q5QBef9dbOKg8NRkbk90CDvV+m0BLs8mF9gcrqCxTsVjSoOZldaNwqmirG86h+4O2keck6hJY0FJ4Xdk6xLF083I6GXiMj70STKU7gKtSiTInUYbFwnuPmWbyGWm1gZqelDtFahZ4zRGyqczccEAYabV7aZ22L0tPtaIxVMks0cFXjSV00KMM0DBmEPrQhw6jAIDJkZFGXZBaUq4PQ5AkcY5nTJtltaAwL9ahwdfgQOoKZJG6YmnTLaNzwRbybDDCbtTXM19DwGaNJ0bAOQFNzgMNzHa7q+vWW0WkJyUfwt4P3SzK/l9UoMOiAKUsKxb6oOZt5A8xkoXwjDD+3oQkEVGvTDRPVxZYpJPUSMkaSuLcHmULhwU9XHV4+GhGzAoRGFHybsHXL5Dyd9ATPtjTPRiNSOXkeHCaf4FDIt4/V1MFX+07gBK6rdSauGjiN9YK1OO7KrgQNM5/Z0kFW47Q6KPCvNhEaCBq1vPdbK+bBT1dr4lU3vEJmp68BHlc3QJsCiJEMXeAkdk80tucSiqFpjmNbgWnZdc9Zew8WaW5BozfRU/nYBhxfQ8gTpoVmtihVpn4Amsrqda6gyTqafdAQcG6sqsPFTFWuyLIMTJ4fwddsVwZN1UALQs2jfrHbbdahG55edoIsmh6oquIYLS6cVFpxaV80rMFjpQOUJlBAtN1oCB5RRH2Q4EPU2dCkEwwTqyG7DXw1R17zLQZHU4qieDBrX88GUb9S6fVnpSi87u2JhmBUTRIXYZ9cVGEB2SO0pRa2n/x9IJrDx9FlW95JboGpLrv+SZQ+b+oZq+mNGpVuuxEN2tGoPY6uo2g8XqwWtgsNdKu6AHN7QKCI0PMCslXseqPpQDSHzwXKjhu+hKtUE45Vx9eU0GwAK4PmGtCYzQbtAfjVnrV7cXsQXe+PBs17TpZVYZMSsqujzvA921dpEq9DzoqGmy9prnea+EokXHk6dLO+Jq+JsG+BQqL4uQuWYSC6M/ktqJZtVW0Dr1/OimZiw6+mNM4k8UdnUeDGihk0yepp6a9CXMFXht4LDVRujZkvSrFkUmd9PFdxIJrDh9ThaBrTMjAXud6dDDPLiBHo0lI0pahXabcrvUrl+jq+jiuz6wHYLlV6o/gwNK+os6IBFo5WffDtTmb9mobfcjA043HYj6LROGyHo/akPRsPbkajUtTtb0LjHxVNeqiXQlNU0qRzJmebe6hsli8xFt5ZjqVBbrimEhiadjSLrsNBNJjNwnbUHoB6ahCV2mE0R7PaUJCFV0Aj0cUiR9OsrDEqx6gsaOmyyUUhNKTFE4aNWwRp5n/X/D2u7Gq2AFoiLcEWHNLzVVJwCdey9TVnlJ0qlqzEJgwvs08VmzY9zNfk5mmWC6k9+D8/m82EjguLhh1VpmReEOETcmiZEASCoWRi09TAjusqvlv3g2rL9zw/kD1n0lmisUmKEDTHCxzBdFue7ziOKwRuTumZvxSwrtLwTL/lKVbVUXwl6AQO4dYFv7MVjRGgv7ygm1n2XQ1IYqWhkC7GWsB/FfKtBmr5ks0W/U7gdvQuAa6oqwmuXbU7SnNDvzep65bSsjxwczXdAvbhK5awRENXlaLguIFj1jug0c623MCtTmo5YVLaGUzBibIMbbCEJoPGNsNykkRIjMasdYpko+GkctR0BUdTnAotf6Xyjtq9XtzrDeK4FxficQFLV6z7mgwaGlixXfddv0ooru8zqqsEiqfY2xLhub1cvJ4elyJWcw05OtwNJzcru9yGN9WH6U2EzUsQ8rVWrGZ8N2zchGF/AvxxYXQzbsTb0WRFHWP2yyvVUPsMq8WshglcF81RUJqdbnok2FCYBkNh1WqgrgdhvxdGpX4/GuBWc+QHSVAdEDrLIG4GQTk2QuhV0Fh11WoJiqpIsqL5G8oyhoYqSiYnwsyXRfppSA6PSLs5vmbpfgt4LAx9zR4nqkB8mkGI+9y+VmA1PGtSI1y301j461dAI9uu1/Is0lV0y/H9Vv4nss3LCUybe2S9ji/FzF4KHTLT8l4AWvCI44PQBNVqQ7SrVh3m35y1ZP+KQB3lqKatEnBlhIVTeRWr0TROlwyhKDCEQEsbeqVX0KAuOk91M4+YsAkWb16WRmmW5rp3DdfmL1R6y5xEisYCzS7F10SUlZXguCrMUwaB6xG+63UEQEYIDrrGVGeNhiUJrVVIT2sOvkq1UR4ObRzNOByP2uObUX8chc32qD+Kwj7wyqUMGhgI2IoS1BwzEALbr9aOPAD6QDTLHj2Y6cUaY4yo5gdV+AprzSF6Wiqhci28eQlXiVEyVhNFg+6sPwO/w9HsJuy32/2o38+iAfEK5Su2Y1ue0hL8lusedCWpKFuiNFaG48IonhApXQYBI9qzRHN3q3jsQtARLUuoq6ZBCiRJk0VLoP2ikoc5b6SE33DwCYZMq3PJZnzNUr1wsJqVyPgaZb22kqpEnSd0suhD4Gh8/xZnEwRmLVAcp2NoVpWAMbEfBDKG5u7Dp/cutunO80+oDJqO54BAsQtCKx8EnZZSVx0nzxNnl2JOVlgT7eXQXtix21WSZ9Hlpc3XnwT6oLL5QqHoid/pkL7tiF6NIKrgLyLQ65tGhThOEJCkoygWE3hEYCs+7bgUhuazi119zYXnDzNodI5TRZM2OMPgSNrSigrL7bSauZRuHV9vGPgNN/E162RytCvkM/ypoje0QPHrVYHo1EBJC5KFww9TgiZ+ukc3x3fiq7phgknaZWQ38xwFxlE6+t5oSvd7u3PgDGrmHrbgD0PwmdKZoLnYY0X80tMSjkZmFgtuykQyaDs3A5vtvbTg01IJzl4GYqgfqqOiyvvBPgvzl+4cOvJllwTJYi2NFqSqRrKrcU16u7DHH5XWwq+LQopGLmpVwfM1S9c5i/cV3SCmGmtxKviKrWiUAA2sKbpN3GqKXdlOVqnew3hLDz7d3XMCaktYzQj7VeeO43q+FzgdoaNVPSabykprzTDqVWL0NLpBGIGflVLvJu6VloacoKH9wFHcquHprQ5Zt1yyRdQDB4S0ruetfm82rlHQn1y9k1nAW6/Nn6Pw8dMdz18Gu7+bSTvQeI6n2o4j2DXShh3SjuptH0BqmBxnqLoGmjuGJqRHz6ApjO6OonEYjkPwsz+46Q9go3cSp2jktED5sAtU0E3LtAxO0UydsHROMUlFWKsm8eZlpxW0IBPN9XE0dKM28RNI7z6/H295pG3hwb3PHhZ3oQmcqt/w/Vo98Mm6ULfJ6sR+iZ7IpPmeWk0UtWH2MRr027Ow3R5EpTBMG704mnzl3ppsKquGxg/ajo5X3pLOy+lAfKpw8c4WfQxnLa2Nj16RKxE8Q6EnEbEUiOV4nhFfxj1Jgq6r7256Fh3W6C3dj4TMwEkDfR1lonpY25QoyLrhAK1waXaruK/ROqS5XJePEuUtQj1up5z1h0ui6eI7q9mAvGJ+f2bgcZNVJ32GMzkl0C1FsAU73+dl0EgNmBwGXlzFrUbrWCS2ZCG1UycikatM5vEatOV6hTgRjqaSiSgDu+axtubUqi7dqvp13clte2d8TTWAa4DaZquO90OxJKFTLxMznUNYhN7rj+NwFBfG/WgyHvSXj+wCaDJLh0uGrFEUJxmSbEgcI2tyboCFp7K4FtlZDdhhj4ITtHatiP/ahFnNrD8ANVS7ABOz/d6ojaN5mUKejWsaKF+jYi4LuuHLjnHAMmLn1UrmMY5LhSjNPm6ymj2VbUMlz2pRak6moaAx9AHr8p1Xy374JYnk33HROE4TWo1kk7gbBg0F9oClmM+rRaKkX6rEi3q70C6VrpfdZEdA4yldtH5NbYqHfMblsLzjcTavTxeLx5mNbqJGfzLu39zMeuN+OJq0+2ESDh8DjWijNpYntPBUFu1ImVzQrVKKJhyPogjWS2F7XOqNw5tRGPWjce9Ibng6rHbQEiTZ+VCUXq3fdl+TDYSxvqAjWQ1XDZAb5ro1PG1OSP7Qv+VoFpXUmlM+UoGS6mjJQl8N8BrK6OjzrVuozCC6OKqU4koPbF33sDbDEdB0Lm0OeZVpd4o9i86o1Zu3P+SLx1HYb/f70ehmcBOB0K8/io+HRgmSpAQuBMSu7lg44fUJQzNqww6yqD0aN8PRqB3e9I5YoHIEa6iyu2tNidcnPBpefTjzUaPhdZHoodX2Acu+n1f7pPJL905mNZN0guEt1Md7zCkpPe+dCA0vsXCSze1EE3+3c9Jj6eIz+kRo1rZulT757mJLthrmq59+90nxldDQ+WOTlkPfbykaIv744p133t2iwTX9UgstLNCIuaNc5O5i87aiIeDqHTuesbsrk5+rJRrBW08DFqtK2vtNBUX6dijvPIzteqmvMVM0skaZJpmVYkkSOX/RL66KXnvlB621y5GWaF7GlH/8eotmo96i2ai3aDbqLZqNeotmo96iSQTaWhRB8RQjF9Ou+zcaDda80jhO5a65yrV8rc3blG80mkdXi01RZBhZEhmJAo2L5KW3aDbqzUbz7PEL4urFk8ePnxBXjx9fEcSzx8+IJy+SvW82mifPvn9x9ejq2bNHV48ev/jn1bNH4L8n3yd732w0V8TVoyePCAKYDeDx+AV44cmjJ4+TvW82micEBdE8fkxAHi8gGgqUsmTvG43m2ffAzVw9evb91RX/z2dXL168eHz15C0apBePHlNXj4GLeXT15PvvX7wgHgNn89YNb9Cz79OtNxoNJ8m8xLPychmd7x/980m6/SajoThDMmj4hJLFsPMnT64Wu99kNATDMlIR/MufnfVGo9muBM3uIfZvoCT6/wEeSIwfaQ6WNAAAAABJRU5ErkJggg==','2022-05-01',172,76,1,1),(9,1,'10077894452','Andres','Capera',2,NULL,_binary 'data:image/png;base64,iVBORw0KGgoAAAANSUhEUgAAARoAAACyCAMAAACqVfC/AAABblBMVEX////e6/evr6/8/Pze3t7t7e3h4eHq6urT09P6+vri7vm8vLz39/fn5+f19fWmpqbIyMjOzs7FxcWSt9zY2Nirq6sAAADSz8zw9Pqsx+a2trbCzdiVlZWdttaau+CIiIi2z+qRrs6Dg4OTk5NycnKenp7F2u97e3t8osZVVVVxqcVmZmZISEg2NjZubm6Hj5ZfX1+CipE9PT3J1eByeX+osrsiIiJtdHpdY2hOTk6UnaUvLy/V4u3K1eUXFxestr/+9u24w835yZX71az+79/9/+31/9f64ODtvLxVWl91q9b95s7Q5bySxFuizHb2/Obg8sCNwlCcyWu+2qTd7sX1/9SozoPC4YzN3MD0/8eIl3y633zH46Dw/8Cbu3+ty9zl+q+Kt1uUutBIj7UshbpanM3Dc3O9YmLSlpaqJibt1NTYp6ewQkKhAABzTU1ujrOddXXOiYnCk5OwMjLUrq51hZkXf7r83r/5xIn6z6Hiesi5AAAepklEQVR4nO2diYObRpbGEYcAcWPQuhExDggzsk50CzGtbtuZpO3JZI6da2dms5vEuSazs9mdjSf//VYVQiokdNmS3In9Je6mhYTgx6tXr14dEBRNnFcUrsPenX5g9cW9jnSgGJYQNcIgV2RJBEHPt4Vjf+cPRCxNiKqtr74skormz7eLHsPuob3edLbjvMpRGC5Fw1fFHGZGbbFpnuKe3GYp6CdAU7Ry91cXW+RZzucWaYGGy3fDZM7WG6IlmmLu/rdo3qJZ18Fo3uNPfk63RFk07FottYLm5x/++sNffHSmc3vNyqAhm00QTZIq4S4QZdH8/HcfvffeL391de6zfC3KoAm4DvjZYIkql+6HQGhmvnX166v3PvrZz375i9dzrmdWBg07CcAf2mWnuWiKACD0cDrf+s2/QjK//e2f3ns9J3teJTEuQsPUgyAABsKolrHwtQCIVu2SHNr63XsffQTI/PH3fxBlqKO35W6VklZjYjV0VagBNE6t1lhUVwAIayu+jrZ+gYzmj3/8/b+RFpTCvrbzPoNwNATZmMoE0cL3Q6uxCZ5KrOZniMxf/vSHub3kNy5+JMqg4S0LVE2dZne6aDUAINzlpGujrZ//GZH5y4f0vCz9qDMVGTRO9xIUqAmD7YdorHSL+PCPvwVk/vTvRYaCeSQMzccPd6p0xss6hjJobA+iIR3PldL9sIZqNutSguajX/35L//xp/80IJrlp4E++aR07+mdexv19OmDwqd3z3xtr6gMGsFQgK+hTU/HQz6KZYRgHvy997tf//o3NC3J+KeBHlJPH5S2qXBxP/74rFf2ysqgqdaG4Kc+rHYX+wEQWdA9ZxkXiwzLzo1mgYZ/eAdc/VaV7l98cr7LOoYyaHTGB+YAKvDASPcDIJLrwJdTNJS4DGgWaD57sIMMYPP0B4zG9RugkUB0upNypqGwurX6aYDm+U4ywGzeFU8QI/Kf3Nmqe+nGg21H+eDzL75kVl7D0Mi+okDzkFmWxRsK4OsFZTsa8c5uNIXCT+QTJDSe3y9sdXILZ3fn/uaDfP7Vt19+8dXXeRcnQTS8qpHQDbvdbhOPhplq51LKR5OGfJvQZF/9CXN8NA8u9rkp6FzubKwh//rN+6L8/l//ljVqDA1oaw7LwKosLZuUoLtmk9jPakqlGOBANwn8F5cG0DmD36dDc7EnGKD4fu4ReEL86n35faDPv8y5uDmawBkC85isJiVAA9PeA01pEM16zetZb3Y9Az/iWdRrx4O4NBtVKidCQxF7Gw04v4vcY9ja11/wkMz7H3yTc3FzNLIAG+LaZa2Z9TWEWN0LTb/dH/cHk9moH0bjZjweDbpRVInGN6PSadA4xiFo3sELjCwk0r3yf30Ljebrr7/+KlOiMmj8BkxlEUxx+RZYoCadyT5oCteDGTCcaNAbDGZRexBFs/agMiuEYONEaLzy3+doSovfcGPBq5RBg309ZUmJWKX839++j9B88JW8fnHzuMarDZMaLING5AyO2cvXpJUBXjHMXc9J0Oj25U/mTm48BqW20ovBLen14j78o9DrlcIe3EjRYJlva3GJPvP1NwmZv36TOcEMGs7W0DdOMy3vta3VT2NueH7fEIxSes/SW3dsNFLRZ+cFqjQaDRojUIJHYXswGYXjQf+mMGjE7ZvBaJyLBjsO9dUHkMwH3/wPg3cbZK3GE6BJ+aSI+xqOVBh3P6uZgBs1Ho+vK7NBpde4vo4rQPH1qdCAG5iiaV9H7et21G/P2u0wAv8NwjgK40HUnoXxDjTEP/72AUDz+Ve0tBGN6tsQjVWr4VajtZr+Vl8jE/wczXjQuDseAU8cDtqjcX82GYz7/ejm+jQFCkOTF/YV0qK9y2oI4su/ffHF/36jFtmNaJBEiem4i/0oAerbaj4aHSUv6Dp7L0ETtsNSG1TiIbiH4H61QfU0GIRh5dRWU1pxxvOijf4t6GxBQ7z/5bf/KBalTLY7g0YzABO+GujZuMbtTja4YYI0TZM0y9N7aciX+t2MRz55geoP4jguxL3ZDBQesFEohHFc6oN/UW/U7vdHvc1uOJXIMNnzy6BxOy1oOxpKEc+vHfiaFqFv8DWgMAEZl+S9lfCiVOr1VurO06EBPrh/E01u+oNRfxyOw34IXhl34/6sGbd748ogRYPhWL8aihfzGgpzNIwFCg6wHUXB0Wg1xdvgaxIVaWKBJu4VenGvBCKcuBfHA1CBxidHU+j3wxEA0QcxZwS88GxUAq9EhbA97lX67QrwyKhs/V1ZDMUz9+gLyfYoTGAYLGiKsmigw+al7/va9pESy+ZlbzIezLphGN6MQV1606+0b0onR7MaTJUWrxQSXzx3w/JCeSPQVpVBE2goGjatFp4bXtta1wINaDC1w/Yo6oPaM4qiEfi/f3o0+wnzNTBLKTM70kfZAlVz4F9kZ4qjEU16Qu9rNXmV6O1Ds5dwNEyDbCImno8nJVS3oS98jQgKKW9QBC8xxDIztYyGs22EQobOSdDsTaZQeAU0xZqDrt9vTvFUllgn1UWWD9ZVviCbmssJlunpmgrr+TmauBvfzELgX4AvHIS9Ua8CStU4Gg1OF/Ld352UTo3mooejIQ1w8YKx8eCr0XB3Cv2v4pRxNIQ5cagUjeywBBvUuHrVBSGNRVYnBIYGVJ7jXjQphOPSTb83jq8BIFBztE+Hhnoeb8l64nrwExZrWDNVcLfrtOD5Gw+f7Wxxu7BACRa7KFEkHDss+ovOFk2xKJqklaLAkYJkWYKAowGtuUG/PwNBcRjdRONePBoV+rPB6QoUBb56S88g3kn4riFhaGjP1YmW5LSqGw+fQVPUUAvBa9qN1OnCuCYg6K1xDZ4AXXHAaRV6OjRQskRz/7JLBp1pIelwrDRovOcPYYTC0LDTbrcJC5TerF2mbWoIpNUdGvvWUNt0KjSUzLDSbrEHjgfK1FBVtc7AkM9P8jZQqECh4Pj2ooFTXOa/c9+3dedmZfu8pw1w8ppmZaJh+Lq3Hc0+XXSFB6dDcxKtJyUIqRtM8Y5dWWl0NiQlUvGf7SZTevrJDxmNhiJo119mM2Da3E9HgG7Wp6tN73UyD37QaOwGSu8pCmooiJZrIV8zHJadHWgeXtzZFVbcefea/SGjQT0Kes2CJiR3gwACKSZ5ra1o7j789Pmdi/sbdfH8s4cPiz9cNBRFopqJ7ZioKaUaNIprug4wnx3TN6i7d+MeTJJXokqeOMMoSsxxr+R8aNjp5RT2eRNOqw4Nhe8GnSTk47gNwwEy4mUGSLbQr1wdeaDxOQuUq3agudDNLowb5UYNFSjJIYwdSYlEFA8Ejshv0LGn054TDV1P8jVeEtZoNQ1ZjUdIrf3nQ61Nbj2Zzh/XEIRVhnGNPKz6KAE69GGT6s1Gw/gebBKYNQF95UTlUMjHmepeBSrR+dAw8u73vIKyvsZGo2KNZI6CPBVQgVLNunwrC9SJNUdTTOKaSRV6GZ9ERiMOA1SgtHJ5GhyMRgdlUkOfoU94c2USNGH000yVyFgNS+oQitVswqBY9IoSAqKxhn4oGh567ipt+QLtG4q6OZf2ipIUgmgVTcVVfN3XbF0RjjZVH0MjeUq9CQqUZlkkvNHikNSTgfi17o5+KFxzq3GLOkADzrjh+a3qyeZ5uIwO0ASKo3qu7SlWvbUt3XuQcKsxqnoNxDWm66A5CpSuGOlUsR2pLFxzq9GBDzcEEAFzrKTTq2NyjyYO/qcXJVYrMrozUdXjFd9MgZJbNr5v0jBR5a2YysEF6hxaq7n5o96BzGhzuzaBfcGyq8LvkBtyDRWoerW1YUh1ns4Y12zO6x5D2QFrqgLvhN2pA98iEk5XRTNbVIfcNIgkRz/OkC8QJtDJaJdonmG1kbhhGUTDwpuOhm2A+EW0FQ82okSzburzuZfSjs4WXD9OND5XlQnerLs1lK9pdd0k5LssHx7ynUFnQZPOUegMYdWn1Lso5GtQ/EusRPLjREMoyRA3DYVNVK3mvEUzb0M5SZZv/sWk55AvgeZ8E5zPicZzyjCuoacd2OdS5DT6rdXM0Zg0GkrtaMGeEwwxpUlOVtv+viPqnGjsCVxugzC6aHCs3AHfvCcayUx1xrUUzolGNUw0ED+58WJ34u6LZt/SdlSdEQ1X7iBfQ04nqGBZtrUnGoPbsvNkOiMa3jNomADVaRISYrr16ls08wIldLrA13DlLlwkgOCDAMQ1i/SHvekQxGtEc0pl0JCNGrQazSdRFx0c5ka680VkPX1jpyTDqNt2nkyGduAHNver5snC0Gg0hWbx+C0fFiixAdtQVSuZvukpBgelcesyLNJYezHvjXmvvbx0YfdXaNt2bpXhYWi6mluFNmq2SBQUm7DlvShQ2zLfr6dAsadNZSnplwA0tXK5DK1G8gWIhmm4tTfZDeNoeJFHw0eFaRINd4bmidDwMluEYvdeZWL+CQmfk3IENEVjrpx9OBpgKOgvv4aSEgTnqMkiLYS+o8/7IDQyp2pGEY1XpTlN5fboAqDTTxQNTTVSHkdAw809s57DJrvQ5bQOflKMj/yKPBQQGs0ljB1ZvkPQGBgLuOIWo+36MK9Ji0Gw4BOsOj/AEdDQ89PgGGltXwaNW5+CqqnOEWieoTh0kgJV615yR0NTTK4LX8Se2RKfoDbdyicINdl3HDToiBpVXOuoyaCRXfhn1ZSTRVoEEg0HkDVVKx4NTXLLl9fJAzRb8hhCAEgkRWjxieL8VI6HhpJUbe36MF8jladNOBBfbDVQvzHfCOqoH6rlBjvG8u2HBvVhqqqRFihUPCiG03PQMKYCZfrlBqPBe8PIPMXzMlPkdPWYaBamuHYSGavxjDo2XVNsTIKkR4ES+VdCQ4lQvDHUgAlomq5yBl2UQIVDA6+qq6q+Xk+Z8xPWhhoByHCqngqAspKpgYy6z9Vv1RwNTDRtR6MOGxTBg9DXQgVPMYsMiVZzbGxYvybVDjTWfJ5seUgThgHgqCr4AQQuWNV0g1sb5bc4UdiPajCari2kq5ImJiwNJZEJTIw0lcMEPsQs0YiUzq+chIWjQRJ9xUFzFORyy26A/VzSznp5NPrcwxk1GfpUmdMQHBUBUjkGXP/q1L/MPdTgmBQDfUTjaJmiVClT4SfXtCkG2Bg5we9M0PAQjbA6ZiE7lk9F5UmbOrBSEBvDDhzER9fqnR193tvRKPPfDA9OBFU3IoOKU1FCHoRS1xcOz6JZWBW8DpFfQfMKQmggGYDG2IbGrg/hOXqdBroAidY0YDWiYMMZ49vQ0FsHtSRo0OUBp5upt+FJAVteQ0Pj9Xn6EZR8hk7raGjAjZqTEfntaFwBdVuKgbfYn/R5d7f3eWu2v62LRcG2ZWNZCc+vFKHJPq6Hxz9CGBga5M9V9ghoYLqOMqg90YgBcLfMtNtooKFHrS7qotN8lLrZgoYpl7c1gnOvMyEzR8NoKy5SyvlI+naR0vyXWANapDMqKpcCRdApmV1oPBN17Pp6AO2ZqVVRXMOVm8PFzJa7udNWwlHy+27uTGoFHyWEm0B6qfr2eR0GkSEjSq0ycFWHTdomZFPNSim7IkCTHnUHGqXmwduhDVFnC+UoKG0u6qo+j4Y//uzplukr9y/uPP80Z3nYzWjEFM3W6zSIzPt59XIIav0De3XU1fjAhpe+QCOL22so2dewQix2WQZFw7VaLamhPv5u+8q5QBef9dbOKg8NRkbk90CDvV+m0BLs8mF9gcrqCxTsVjSoOZldaNwqmirG86h+4O2keck6hJY0FJ4Xdk6xLF083I6GXiMj70STKU7gKtSiTInUYbFwnuPmWbyGWm1gZqelDtFahZ4zRGyqczccEAYabV7aZ22L0tPtaIxVMks0cFXjSV00KMM0DBmEPrQhw6jAIDJkZFGXZBaUq4PQ5AkcY5nTJtltaAwL9ahwdfgQOoKZJG6YmnTLaNzwRbybDDCbtTXM19DwGaNJ0bAOQFNzgMNzHa7q+vWW0WkJyUfwt4P3SzK/l9UoMOiAKUsKxb6oOZt5A8xkoXwjDD+3oQkEVGvTDRPVxZYpJPUSMkaSuLcHmULhwU9XHV4+GhGzAoRGFHybsHXL5Dyd9ATPtjTPRiNSOXkeHCaf4FDIt4/V1MFX+07gBK6rdSauGjiN9YK1OO7KrgQNM5/Z0kFW47Q6KPCvNhEaCBq1vPdbK+bBT1dr4lU3vEJmp68BHlc3QJsCiJEMXeAkdk80tucSiqFpjmNbgWnZdc9Zew8WaW5BozfRU/nYBhxfQ8gTpoVmtihVpn4Amsrqda6gyTqafdAQcG6sqsPFTFWuyLIMTJ4fwddsVwZN1UALQs2jfrHbbdahG55edoIsmh6oquIYLS6cVFpxaV80rMFjpQOUJlBAtN1oCB5RRH2Q4EPU2dCkEwwTqyG7DXw1R17zLQZHU4qieDBrX88GUb9S6fVnpSi87u2JhmBUTRIXYZ9cVGEB2SO0pRa2n/x9IJrDx9FlW95JboGpLrv+SZQ+b+oZq+mNGpVuuxEN2tGoPY6uo2g8XqwWtgsNdKu6AHN7QKCI0PMCslXseqPpQDSHzwXKjhu+hKtUE45Vx9eU0GwAK4PmGtCYzQbtAfjVnrV7cXsQXe+PBs17TpZVYZMSsqujzvA921dpEq9DzoqGmy9prnea+EokXHk6dLO+Jq+JsG+BQqL4uQuWYSC6M/ktqJZtVW0Dr1/OimZiw6+mNM4k8UdnUeDGihk0yepp6a9CXMFXht4LDVRujZkvSrFkUmd9PFdxIJrDh9ThaBrTMjAXud6dDDPLiBHo0lI0pahXabcrvUrl+jq+jiuz6wHYLlV6o/gwNK+os6IBFo5WffDtTmb9mobfcjA043HYj6LROGyHo/akPRsPbkajUtTtb0LjHxVNeqiXQlNU0qRzJmebe6hsli8xFt5ZjqVBbrimEhiadjSLrsNBNJjNwnbUHoB6ahCV2mE0R7PaUJCFV0Aj0cUiR9OsrDEqx6gsaOmyyUUhNKTFE4aNWwRp5n/X/D2u7Gq2AFoiLcEWHNLzVVJwCdey9TVnlJ0qlqzEJgwvs08VmzY9zNfk5mmWC6k9+D8/m82EjguLhh1VpmReEOETcmiZEASCoWRi09TAjusqvlv3g2rL9zw/kD1n0lmisUmKEDTHCxzBdFue7ziOKwRuTumZvxSwrtLwTL/lKVbVUXwl6AQO4dYFv7MVjRGgv7ygm1n2XQ1IYqWhkC7GWsB/FfKtBmr5ks0W/U7gdvQuAa6oqwmuXbU7SnNDvzep65bSsjxwczXdAvbhK5awRENXlaLguIFj1jug0c623MCtTmo5YVLaGUzBibIMbbCEJoPGNsNykkRIjMasdYpko+GkctR0BUdTnAotf6Xyjtq9XtzrDeK4FxficQFLV6z7mgwaGlixXfddv0ooru8zqqsEiqfY2xLhub1cvJ4elyJWcw05OtwNJzcru9yGN9WH6U2EzUsQ8rVWrGZ8N2zchGF/AvxxYXQzbsTb0WRFHWP2yyvVUPsMq8WshglcF81RUJqdbnok2FCYBkNh1WqgrgdhvxdGpX4/GuBWc+QHSVAdEDrLIG4GQTk2QuhV0Fh11WoJiqpIsqL5G8oyhoYqSiYnwsyXRfppSA6PSLs5vmbpfgt4LAx9zR4nqkB8mkGI+9y+VmA1PGtSI1y301j461dAI9uu1/Is0lV0y/H9Vv4nss3LCUybe2S9ji/FzF4KHTLT8l4AWvCI44PQBNVqQ7SrVh3m35y1ZP+KQB3lqKatEnBlhIVTeRWr0TROlwyhKDCEQEsbeqVX0KAuOk91M4+YsAkWb16WRmmW5rp3DdfmL1R6y5xEisYCzS7F10SUlZXguCrMUwaB6xG+63UEQEYIDrrGVGeNhiUJrVVIT2sOvkq1UR4ObRzNOByP2uObUX8chc32qD+Kwj7wyqUMGhgI2IoS1BwzEALbr9aOPAD6QDTLHj2Y6cUaY4yo5gdV+AprzSF6Wiqhci28eQlXiVEyVhNFg+6sPwO/w9HsJuy32/2o38+iAfEK5Su2Y1ue0hL8lusedCWpKFuiNFaG48IonhApXQYBI9qzRHN3q3jsQtARLUuoq6ZBCiRJk0VLoP2ikoc5b6SE33DwCYZMq3PJZnzNUr1wsJqVyPgaZb22kqpEnSd0suhD4Gh8/xZnEwRmLVAcp2NoVpWAMbEfBDKG5u7Dp/cutunO80+oDJqO54BAsQtCKx8EnZZSVx0nzxNnl2JOVlgT7eXQXtix21WSZ9Hlpc3XnwT6oLL5QqHoid/pkL7tiF6NIKrgLyLQ65tGhThOEJCkoygWE3hEYCs+7bgUhuazi119zYXnDzNodI5TRZM2OMPgSNrSigrL7bSauZRuHV9vGPgNN/E162RytCvkM/ypoje0QPHrVYHo1EBJC5KFww9TgiZ+ukc3x3fiq7phgknaZWQ38xwFxlE6+t5oSvd7u3PgDGrmHrbgD0PwmdKZoLnYY0X80tMSjkZmFgtuykQyaDs3A5vtvbTg01IJzl4GYqgfqqOiyvvBPgvzl+4cOvJllwTJYi2NFqSqRrKrcU16u7DHH5XWwq+LQopGLmpVwfM1S9c5i/cV3SCmGmtxKviKrWiUAA2sKbpN3GqKXdlOVqnew3hLDz7d3XMCaktYzQj7VeeO43q+FzgdoaNVPSabykprzTDqVWL0NLpBGIGflVLvJu6VloacoKH9wFHcquHprQ5Zt1yyRdQDB4S0ruetfm82rlHQn1y9k1nAW6/Nn6Pw8dMdz18Gu7+bSTvQeI6n2o4j2DXShh3SjuptH0BqmBxnqLoGmjuGJqRHz6ApjO6OonEYjkPwsz+46Q9go3cSp2jktED5sAtU0E3LtAxO0UydsHROMUlFWKsm8eZlpxW0IBPN9XE0dKM28RNI7z6/H295pG3hwb3PHhZ3oQmcqt/w/Vo98Mm6ULfJ6sR+iZ7IpPmeWk0UtWH2MRr027Ow3R5EpTBMG704mnzl3ppsKquGxg/ajo5X3pLOy+lAfKpw8c4WfQxnLa2Nj16RKxE8Q6EnEbEUiOV4nhFfxj1Jgq6r7256Fh3W6C3dj4TMwEkDfR1lonpY25QoyLrhAK1waXaruK/ROqS5XJePEuUtQj1up5z1h0ui6eI7q9mAvGJ+f2bgcZNVJ32GMzkl0C1FsAU73+dl0EgNmBwGXlzFrUbrWCS2ZCG1UycikatM5vEatOV6hTgRjqaSiSgDu+axtubUqi7dqvp13clte2d8TTWAa4DaZquO90OxJKFTLxMznUNYhN7rj+NwFBfG/WgyHvSXj+wCaDJLh0uGrFEUJxmSbEgcI2tyboCFp7K4FtlZDdhhj4ITtHatiP/ahFnNrD8ANVS7ABOz/d6ojaN5mUKejWsaKF+jYi4LuuHLjnHAMmLn1UrmMY5LhSjNPm6ymj2VbUMlz2pRak6moaAx9AHr8p1Xy374JYnk33HROE4TWo1kk7gbBg0F9oClmM+rRaKkX6rEi3q70C6VrpfdZEdA4yldtH5NbYqHfMblsLzjcTavTxeLx5mNbqJGfzLu39zMeuN+OJq0+2ESDh8DjWijNpYntPBUFu1ImVzQrVKKJhyPogjWS2F7XOqNw5tRGPWjce9Ibng6rHbQEiTZ+VCUXq3fdl+TDYSxvqAjWQ1XDZAb5ro1PG1OSP7Qv+VoFpXUmlM+UoGS6mjJQl8N8BrK6OjzrVuozCC6OKqU4koPbF33sDbDEdB0Lm0OeZVpd4o9i86o1Zu3P+SLx1HYb/f70ehmcBOB0K8/io+HRgmSpAQuBMSu7lg44fUJQzNqww6yqD0aN8PRqB3e9I5YoHIEa6iyu2tNidcnPBpefTjzUaPhdZHoodX2Acu+n1f7pPJL905mNZN0guEt1Md7zCkpPe+dCA0vsXCSze1EE3+3c9Jj6eIz+kRo1rZulT757mJLthrmq59+90nxldDQ+WOTlkPfbykaIv744p133t2iwTX9UgstLNCIuaNc5O5i87aiIeDqHTuesbsrk5+rJRrBW08DFqtK2vtNBUX6dijvPIzteqmvMVM0skaZJpmVYkkSOX/RL66KXnvlB621y5GWaF7GlH/8eotmo96i2ai3aDbqLZqNeotmo96iSQTaWhRB8RQjF9Ou+zcaDda80jhO5a65yrV8rc3blG80mkdXi01RZBhZEhmJAo2L5KW3aDbqzUbz7PEL4urFk8ePnxBXjx9fEcSzx8+IJy+SvW82mifPvn9x9ejq2bNHV48ev/jn1bNH4L8n3yd732w0V8TVoyePCAKYDeDx+AV44cmjJ4+TvW82micEBdE8fkxAHi8gGgqUsmTvG43m2ffAzVw9evb91RX/z2dXL168eHz15C0apBePHlNXj4GLeXT15PvvX7wgHgNn89YNb9Cz79OtNxoNJ8m8xLPychmd7x/980m6/SajoThDMmj4hJLFsPMnT64Wu99kNATDMlIR/MufnfVGo9muBM3uIfZvoCT6/wEeSIwfaQ6WNAAAAABJRU5ErkJggg==','2022-05-01',172,76,1,1),(10,1,'10077894453','Andres','Capera',2,NULL,_binary 'data:image/png;base64,iVBORw0KGgoAAAANSUhEUgAAARoAAACyCAMAAACqVfC/AAABblBMVEX////e6/evr6/8/Pze3t7t7e3h4eHq6urT09P6+vri7vm8vLz39/fn5+f19fWmpqbIyMjOzs7FxcWSt9zY2Nirq6sAAADSz8zw9Pqsx+a2trbCzdiVlZWdttaau+CIiIi2z+qRrs6Dg4OTk5NycnKenp7F2u97e3t8osZVVVVxqcVmZmZISEg2NjZubm6Hj5ZfX1+CipE9PT3J1eByeX+osrsiIiJtdHpdY2hOTk6UnaUvLy/V4u3K1eUXFxestr/+9u24w835yZX71az+79/9/+31/9f64ODtvLxVWl91q9b95s7Q5bySxFuizHb2/Obg8sCNwlCcyWu+2qTd7sX1/9SozoPC4YzN3MD0/8eIl3y633zH46Dw/8Cbu3+ty9zl+q+Kt1uUutBIj7UshbpanM3Dc3O9YmLSlpaqJibt1NTYp6ewQkKhAABzTU1ujrOddXXOiYnCk5OwMjLUrq51hZkXf7r83r/5xIn6z6Hiesi5AAAepklEQVR4nO2diYObRpbGEYcAcWPQuhExDggzsk50CzGtbtuZpO3JZI6da2dms5vEuSazs9mdjSf//VYVQiokdNmS3In9Je6mhYTgx6tXr14dEBRNnFcUrsPenX5g9cW9jnSgGJYQNcIgV2RJBEHPt4Vjf+cPRCxNiKqtr74skormz7eLHsPuob3edLbjvMpRGC5Fw1fFHGZGbbFpnuKe3GYp6CdAU7Ry91cXW+RZzucWaYGGy3fDZM7WG6IlmmLu/rdo3qJZ18Fo3uNPfk63RFk07FottYLm5x/++sNffHSmc3vNyqAhm00QTZIq4S4QZdH8/HcfvffeL391de6zfC3KoAm4DvjZYIkql+6HQGhmvnX166v3PvrZz375i9dzrmdWBg07CcAf2mWnuWiKACD0cDrf+s2/QjK//e2f3ns9J3teJTEuQsPUgyAABsKolrHwtQCIVu2SHNr63XsffQTI/PH3fxBlqKO35W6VklZjYjV0VagBNE6t1lhUVwAIayu+jrZ+gYzmj3/8/b+RFpTCvrbzPoNwNATZmMoE0cL3Q6uxCZ5KrOZniMxf/vSHub3kNy5+JMqg4S0LVE2dZne6aDUAINzlpGujrZ//GZH5y4f0vCz9qDMVGTRO9xIUqAmD7YdorHSL+PCPvwVk/vTvRYaCeSQMzccPd6p0xss6hjJobA+iIR3PldL9sIZqNutSguajX/35L//xp/80IJrlp4E++aR07+mdexv19OmDwqd3z3xtr6gMGsFQgK+hTU/HQz6KZYRgHvy997tf//o3NC3J+KeBHlJPH5S2qXBxP/74rFf2ysqgqdaG4Kc+rHYX+wEQWdA9ZxkXiwzLzo1mgYZ/eAdc/VaV7l98cr7LOoYyaHTGB+YAKvDASPcDIJLrwJdTNJS4DGgWaD57sIMMYPP0B4zG9RugkUB0upNypqGwurX6aYDm+U4ywGzeFU8QI/Kf3Nmqe+nGg21H+eDzL75kVl7D0Mi+okDzkFmWxRsK4OsFZTsa8c5uNIXCT+QTJDSe3y9sdXILZ3fn/uaDfP7Vt19+8dXXeRcnQTS8qpHQDbvdbhOPhplq51LKR5OGfJvQZF/9CXN8NA8u9rkp6FzubKwh//rN+6L8/l//ljVqDA1oaw7LwKosLZuUoLtmk9jPakqlGOBANwn8F5cG0DmD36dDc7EnGKD4fu4ReEL86n35faDPv8y5uDmawBkC85isJiVAA9PeA01pEM16zetZb3Y9Az/iWdRrx4O4NBtVKidCQxF7Gw04v4vcY9ja11/wkMz7H3yTc3FzNLIAG+LaZa2Z9TWEWN0LTb/dH/cHk9moH0bjZjweDbpRVInGN6PSadA4xiFo3sELjCwk0r3yf30Ljebrr7/+KlOiMmj8BkxlEUxx+RZYoCadyT5oCteDGTCcaNAbDGZRexBFs/agMiuEYONEaLzy3+doSovfcGPBq5RBg309ZUmJWKX839++j9B88JW8fnHzuMarDZMaLING5AyO2cvXpJUBXjHMXc9J0Oj25U/mTm48BqW20ovBLen14j78o9DrlcIe3EjRYJlva3GJPvP1NwmZv36TOcEMGs7W0DdOMy3vta3VT2NueH7fEIxSes/SW3dsNFLRZ+cFqjQaDRojUIJHYXswGYXjQf+mMGjE7ZvBaJyLBjsO9dUHkMwH3/wPg3cbZK3GE6BJ+aSI+xqOVBh3P6uZgBs1Ho+vK7NBpde4vo4rQPH1qdCAG5iiaV9H7et21G/P2u0wAv8NwjgK40HUnoXxDjTEP/72AUDz+Ve0tBGN6tsQjVWr4VajtZr+Vl8jE/wczXjQuDseAU8cDtqjcX82GYz7/ejm+jQFCkOTF/YV0qK9y2oI4su/ffHF/36jFtmNaJBEiem4i/0oAerbaj4aHSUv6Dp7L0ETtsNSG1TiIbiH4H61QfU0GIRh5dRWU1pxxvOijf4t6GxBQ7z/5bf/KBalTLY7g0YzABO+GujZuMbtTja4YYI0TZM0y9N7aciX+t2MRz55geoP4jguxL3ZDBQesFEohHFc6oN/UW/U7vdHvc1uOJXIMNnzy6BxOy1oOxpKEc+vHfiaFqFv8DWgMAEZl+S9lfCiVOr1VurO06EBPrh/E01u+oNRfxyOw34IXhl34/6sGbd748ogRYPhWL8aihfzGgpzNIwFCg6wHUXB0Wg1xdvgaxIVaWKBJu4VenGvBCKcuBfHA1CBxidHU+j3wxEA0QcxZwS88GxUAq9EhbA97lX67QrwyKhs/V1ZDMUz9+gLyfYoTGAYLGiKsmigw+al7/va9pESy+ZlbzIezLphGN6MQV1606+0b0onR7MaTJUWrxQSXzx3w/JCeSPQVpVBE2goGjatFp4bXtta1wINaDC1w/Yo6oPaM4qiEfi/f3o0+wnzNTBLKTM70kfZAlVz4F9kZ4qjEU16Qu9rNXmV6O1Ds5dwNEyDbCImno8nJVS3oS98jQgKKW9QBC8xxDIztYyGs22EQobOSdDsTaZQeAU0xZqDrt9vTvFUllgn1UWWD9ZVviCbmssJlunpmgrr+TmauBvfzELgX4AvHIS9Ua8CStU4Gg1OF/Ld352UTo3mooejIQ1w8YKx8eCr0XB3Cv2v4pRxNIQ5cagUjeywBBvUuHrVBSGNRVYnBIYGVJ7jXjQphOPSTb83jq8BIFBztE+Hhnoeb8l64nrwExZrWDNVcLfrtOD5Gw+f7Wxxu7BACRa7KFEkHDss+ovOFk2xKJqklaLAkYJkWYKAowGtuUG/PwNBcRjdRONePBoV+rPB6QoUBb56S88g3kn4riFhaGjP1YmW5LSqGw+fQVPUUAvBa9qN1OnCuCYg6K1xDZ4AXXHAaRV6OjRQskRz/7JLBp1pIelwrDRovOcPYYTC0LDTbrcJC5TerF2mbWoIpNUdGvvWUNt0KjSUzLDSbrEHjgfK1FBVtc7AkM9P8jZQqECh4Pj2ooFTXOa/c9+3dedmZfu8pw1w8ppmZaJh+Lq3Hc0+XXSFB6dDcxKtJyUIqRtM8Y5dWWl0NiQlUvGf7SZTevrJDxmNhiJo119mM2Da3E9HgG7Wp6tN73UyD37QaOwGSu8pCmooiJZrIV8zHJadHWgeXtzZFVbcefea/SGjQT0Kes2CJiR3gwACKSZ5ra1o7j789Pmdi/sbdfH8s4cPiz9cNBRFopqJ7ZioKaUaNIprug4wnx3TN6i7d+MeTJJXokqeOMMoSsxxr+R8aNjp5RT2eRNOqw4Nhe8GnSTk47gNwwEy4mUGSLbQr1wdeaDxOQuUq3agudDNLowb5UYNFSjJIYwdSYlEFA8Ejshv0LGn054TDV1P8jVeEtZoNQ1ZjUdIrf3nQ61Nbj2Zzh/XEIRVhnGNPKz6KAE69GGT6s1Gw/gebBKYNQF95UTlUMjHmepeBSrR+dAw8u73vIKyvsZGo2KNZI6CPBVQgVLNunwrC9SJNUdTTOKaSRV6GZ9ERiMOA1SgtHJ5GhyMRgdlUkOfoU94c2USNGH000yVyFgNS+oQitVswqBY9IoSAqKxhn4oGh567ipt+QLtG4q6OZf2ipIUgmgVTcVVfN3XbF0RjjZVH0MjeUq9CQqUZlkkvNHikNSTgfi17o5+KFxzq3GLOkADzrjh+a3qyeZ5uIwO0ASKo3qu7SlWvbUt3XuQcKsxqnoNxDWm66A5CpSuGOlUsR2pLFxzq9GBDzcEEAFzrKTTq2NyjyYO/qcXJVYrMrozUdXjFd9MgZJbNr5v0jBR5a2YysEF6hxaq7n5o96BzGhzuzaBfcGyq8LvkBtyDRWoerW1YUh1ns4Y12zO6x5D2QFrqgLvhN2pA98iEk5XRTNbVIfcNIgkRz/OkC8QJtDJaJdonmG1kbhhGUTDwpuOhm2A+EW0FQ82okSzburzuZfSjs4WXD9OND5XlQnerLs1lK9pdd0k5LssHx7ynUFnQZPOUegMYdWn1Lso5GtQ/EusRPLjREMoyRA3DYVNVK3mvEUzb0M5SZZv/sWk55AvgeZ8E5zPicZzyjCuoacd2OdS5DT6rdXM0Zg0GkrtaMGeEwwxpUlOVtv+viPqnGjsCVxugzC6aHCs3AHfvCcayUx1xrUUzolGNUw0ED+58WJ34u6LZt/SdlSdEQ1X7iBfQ04nqGBZtrUnGoPbsvNkOiMa3jNomADVaRISYrr16ls08wIldLrA13DlLlwkgOCDAMQ1i/SHvekQxGtEc0pl0JCNGrQazSdRFx0c5ka680VkPX1jpyTDqNt2nkyGduAHNver5snC0Gg0hWbx+C0fFiixAdtQVSuZvukpBgelcesyLNJYezHvjXmvvbx0YfdXaNt2bpXhYWi6mluFNmq2SBQUm7DlvShQ2zLfr6dAsadNZSnplwA0tXK5DK1G8gWIhmm4tTfZDeNoeJFHw0eFaRINd4bmidDwMluEYvdeZWL+CQmfk3IENEVjrpx9OBpgKOgvv4aSEgTnqMkiLYS+o8/7IDQyp2pGEY1XpTlN5fboAqDTTxQNTTVSHkdAw809s57DJrvQ5bQOflKMj/yKPBQQGs0ljB1ZvkPQGBgLuOIWo+36MK9Ji0Gw4BOsOj/AEdDQ89PgGGltXwaNW5+CqqnOEWieoTh0kgJV615yR0NTTK4LX8Se2RKfoDbdyicINdl3HDToiBpVXOuoyaCRXfhn1ZSTRVoEEg0HkDVVKx4NTXLLl9fJAzRb8hhCAEgkRWjxieL8VI6HhpJUbe36MF8jladNOBBfbDVQvzHfCOqoH6rlBjvG8u2HBvVhqqqRFihUPCiG03PQMKYCZfrlBqPBe8PIPMXzMlPkdPWYaBamuHYSGavxjDo2XVNsTIKkR4ES+VdCQ4lQvDHUgAlomq5yBl2UQIVDA6+qq6q+Xk+Z8xPWhhoByHCqngqAspKpgYy6z9Vv1RwNTDRtR6MOGxTBg9DXQgVPMYsMiVZzbGxYvybVDjTWfJ5seUgThgHgqCr4AQQuWNV0g1sb5bc4UdiPajCari2kq5ImJiwNJZEJTIw0lcMEPsQs0YiUzq+chIWjQRJ9xUFzFORyy26A/VzSznp5NPrcwxk1GfpUmdMQHBUBUjkGXP/q1L/MPdTgmBQDfUTjaJmiVClT4SfXtCkG2Bg5we9M0PAQjbA6ZiE7lk9F5UmbOrBSEBvDDhzER9fqnR193tvRKPPfDA9OBFU3IoOKU1FCHoRS1xcOz6JZWBW8DpFfQfMKQmggGYDG2IbGrg/hOXqdBroAidY0YDWiYMMZ49vQ0FsHtSRo0OUBp5upt+FJAVteQ0Pj9Xn6EZR8hk7raGjAjZqTEfntaFwBdVuKgbfYn/R5d7f3eWu2v62LRcG2ZWNZCc+vFKHJPq6Hxz9CGBga5M9V9ghoYLqOMqg90YgBcLfMtNtooKFHrS7qotN8lLrZgoYpl7c1gnOvMyEzR8NoKy5SyvlI+naR0vyXWANapDMqKpcCRdApmV1oPBN17Pp6AO2ZqVVRXMOVm8PFzJa7udNWwlHy+27uTGoFHyWEm0B6qfr2eR0GkSEjSq0ycFWHTdomZFPNSim7IkCTHnUHGqXmwduhDVFnC+UoKG0u6qo+j4Y//uzplukr9y/uPP80Z3nYzWjEFM3W6zSIzPt59XIIav0De3XU1fjAhpe+QCOL22so2dewQix2WQZFw7VaLamhPv5u+8q5QBef9dbOKg8NRkbk90CDvV+m0BLs8mF9gcrqCxTsVjSoOZldaNwqmirG86h+4O2keck6hJY0FJ4Xdk6xLF083I6GXiMj70STKU7gKtSiTInUYbFwnuPmWbyGWm1gZqelDtFahZ4zRGyqczccEAYabV7aZ22L0tPtaIxVMks0cFXjSV00KMM0DBmEPrQhw6jAIDJkZFGXZBaUq4PQ5AkcY5nTJtltaAwL9ahwdfgQOoKZJG6YmnTLaNzwRbybDDCbtTXM19DwGaNJ0bAOQFNzgMNzHa7q+vWW0WkJyUfwt4P3SzK/l9UoMOiAKUsKxb6oOZt5A8xkoXwjDD+3oQkEVGvTDRPVxZYpJPUSMkaSuLcHmULhwU9XHV4+GhGzAoRGFHybsHXL5Dyd9ATPtjTPRiNSOXkeHCaf4FDIt4/V1MFX+07gBK6rdSauGjiN9YK1OO7KrgQNM5/Z0kFW47Q6KPCvNhEaCBq1vPdbK+bBT1dr4lU3vEJmp68BHlc3QJsCiJEMXeAkdk80tucSiqFpjmNbgWnZdc9Zew8WaW5BozfRU/nYBhxfQ8gTpoVmtihVpn4Amsrqda6gyTqafdAQcG6sqsPFTFWuyLIMTJ4fwddsVwZN1UALQs2jfrHbbdahG55edoIsmh6oquIYLS6cVFpxaV80rMFjpQOUJlBAtN1oCB5RRH2Q4EPU2dCkEwwTqyG7DXw1R17zLQZHU4qieDBrX88GUb9S6fVnpSi87u2JhmBUTRIXYZ9cVGEB2SO0pRa2n/x9IJrDx9FlW95JboGpLrv+SZQ+b+oZq+mNGpVuuxEN2tGoPY6uo2g8XqwWtgsNdKu6AHN7QKCI0PMCslXseqPpQDSHzwXKjhu+hKtUE45Vx9eU0GwAK4PmGtCYzQbtAfjVnrV7cXsQXe+PBs17TpZVYZMSsqujzvA921dpEq9DzoqGmy9prnea+EokXHk6dLO+Jq+JsG+BQqL4uQuWYSC6M/ktqJZtVW0Dr1/OimZiw6+mNM4k8UdnUeDGihk0yepp6a9CXMFXht4LDVRujZkvSrFkUmd9PFdxIJrDh9ThaBrTMjAXud6dDDPLiBHo0lI0pahXabcrvUrl+jq+jiuz6wHYLlV6o/gwNK+os6IBFo5WffDtTmb9mobfcjA043HYj6LROGyHo/akPRsPbkajUtTtb0LjHxVNeqiXQlNU0qRzJmebe6hsli8xFt5ZjqVBbrimEhiadjSLrsNBNJjNwnbUHoB6ahCV2mE0R7PaUJCFV0Aj0cUiR9OsrDEqx6gsaOmyyUUhNKTFE4aNWwRp5n/X/D2u7Gq2AFoiLcEWHNLzVVJwCdey9TVnlJ0qlqzEJgwvs08VmzY9zNfk5mmWC6k9+D8/m82EjguLhh1VpmReEOETcmiZEASCoWRi09TAjusqvlv3g2rL9zw/kD1n0lmisUmKEDTHCxzBdFue7ziOKwRuTumZvxSwrtLwTL/lKVbVUXwl6AQO4dYFv7MVjRGgv7ygm1n2XQ1IYqWhkC7GWsB/FfKtBmr5ks0W/U7gdvQuAa6oqwmuXbU7SnNDvzep65bSsjxwczXdAvbhK5awRENXlaLguIFj1jug0c623MCtTmo5YVLaGUzBibIMbbCEJoPGNsNykkRIjMasdYpko+GkctR0BUdTnAotf6Xyjtq9XtzrDeK4FxficQFLV6z7mgwaGlixXfddv0ooru8zqqsEiqfY2xLhub1cvJ4elyJWcw05OtwNJzcru9yGN9WH6U2EzUsQ8rVWrGZ8N2zchGF/AvxxYXQzbsTb0WRFHWP2yyvVUPsMq8WshglcF81RUJqdbnok2FCYBkNh1WqgrgdhvxdGpX4/GuBWc+QHSVAdEDrLIG4GQTk2QuhV0Fh11WoJiqpIsqL5G8oyhoYqSiYnwsyXRfppSA6PSLs5vmbpfgt4LAx9zR4nqkB8mkGI+9y+VmA1PGtSI1y301j461dAI9uu1/Is0lV0y/H9Vv4nss3LCUybe2S9ji/FzF4KHTLT8l4AWvCI44PQBNVqQ7SrVh3m35y1ZP+KQB3lqKatEnBlhIVTeRWr0TROlwyhKDCEQEsbeqVX0KAuOk91M4+YsAkWb16WRmmW5rp3DdfmL1R6y5xEisYCzS7F10SUlZXguCrMUwaB6xG+63UEQEYIDrrGVGeNhiUJrVVIT2sOvkq1UR4ObRzNOByP2uObUX8chc32qD+Kwj7wyqUMGhgI2IoS1BwzEALbr9aOPAD6QDTLHj2Y6cUaY4yo5gdV+AprzSF6Wiqhci28eQlXiVEyVhNFg+6sPwO/w9HsJuy32/2o38+iAfEK5Su2Y1ue0hL8lusedCWpKFuiNFaG48IonhApXQYBI9qzRHN3q3jsQtARLUuoq6ZBCiRJk0VLoP2ikoc5b6SE33DwCYZMq3PJZnzNUr1wsJqVyPgaZb22kqpEnSd0suhD4Gh8/xZnEwRmLVAcp2NoVpWAMbEfBDKG5u7Dp/cutunO80+oDJqO54BAsQtCKx8EnZZSVx0nzxNnl2JOVlgT7eXQXtix21WSZ9Hlpc3XnwT6oLL5QqHoid/pkL7tiF6NIKrgLyLQ65tGhThOEJCkoygWE3hEYCs+7bgUhuazi119zYXnDzNodI5TRZM2OMPgSNrSigrL7bSauZRuHV9vGPgNN/E162RytCvkM/ypoje0QPHrVYHo1EBJC5KFww9TgiZ+ukc3x3fiq7phgknaZWQ38xwFxlE6+t5oSvd7u3PgDGrmHrbgD0PwmdKZoLnYY0X80tMSjkZmFgtuykQyaDs3A5vtvbTg01IJzl4GYqgfqqOiyvvBPgvzl+4cOvJllwTJYi2NFqSqRrKrcU16u7DHH5XWwq+LQopGLmpVwfM1S9c5i/cV3SCmGmtxKviKrWiUAA2sKbpN3GqKXdlOVqnew3hLDz7d3XMCaktYzQj7VeeO43q+FzgdoaNVPSabykprzTDqVWL0NLpBGIGflVLvJu6VloacoKH9wFHcquHprQ5Zt1yyRdQDB4S0ruetfm82rlHQn1y9k1nAW6/Nn6Pw8dMdz18Gu7+bSTvQeI6n2o4j2DXShh3SjuptH0BqmBxnqLoGmjuGJqRHz6ApjO6OonEYjkPwsz+46Q9go3cSp2jktED5sAtU0E3LtAxO0UydsHROMUlFWKsm8eZlpxW0IBPN9XE0dKM28RNI7z6/H295pG3hwb3PHhZ3oQmcqt/w/Vo98Mm6ULfJ6sR+iZ7IpPmeWk0UtWH2MRr027Ow3R5EpTBMG704mnzl3ppsKquGxg/ajo5X3pLOy+lAfKpw8c4WfQxnLa2Nj16RKxE8Q6EnEbEUiOV4nhFfxj1Jgq6r7256Fh3W6C3dj4TMwEkDfR1lonpY25QoyLrhAK1waXaruK/ROqS5XJePEuUtQj1up5z1h0ui6eI7q9mAvGJ+f2bgcZNVJ32GMzkl0C1FsAU73+dl0EgNmBwGXlzFrUbrWCS2ZCG1UycikatM5vEatOV6hTgRjqaSiSgDu+axtubUqi7dqvp13clte2d8TTWAa4DaZquO90OxJKFTLxMznUNYhN7rj+NwFBfG/WgyHvSXj+wCaDJLh0uGrFEUJxmSbEgcI2tyboCFp7K4FtlZDdhhj4ITtHatiP/ahFnNrD8ANVS7ABOz/d6ojaN5mUKejWsaKF+jYi4LuuHLjnHAMmLn1UrmMY5LhSjNPm6ymj2VbUMlz2pRak6moaAx9AHr8p1Xy374JYnk33HROE4TWo1kk7gbBg0F9oClmM+rRaKkX6rEi3q70C6VrpfdZEdA4yldtH5NbYqHfMblsLzjcTavTxeLx5mNbqJGfzLu39zMeuN+OJq0+2ESDh8DjWijNpYntPBUFu1ImVzQrVKKJhyPogjWS2F7XOqNw5tRGPWjce9Ibng6rHbQEiTZ+VCUXq3fdl+TDYSxvqAjWQ1XDZAb5ro1PG1OSP7Qv+VoFpXUmlM+UoGS6mjJQl8N8BrK6OjzrVuozCC6OKqU4koPbF33sDbDEdB0Lm0OeZVpd4o9i86o1Zu3P+SLx1HYb/f70ehmcBOB0K8/io+HRgmSpAQuBMSu7lg44fUJQzNqww6yqD0aN8PRqB3e9I5YoHIEa6iyu2tNidcnPBpefTjzUaPhdZHoodX2Acu+n1f7pPJL905mNZN0guEt1Md7zCkpPe+dCA0vsXCSze1EE3+3c9Jj6eIz+kRo1rZulT757mJLthrmq59+90nxldDQ+WOTlkPfbykaIv744p133t2iwTX9UgstLNCIuaNc5O5i87aiIeDqHTuesbsrk5+rJRrBW08DFqtK2vtNBUX6dijvPIzteqmvMVM0skaZJpmVYkkSOX/RL66KXnvlB621y5GWaF7GlH/8eotmo96i2ai3aDbqLZqNeotmo96iSQTaWhRB8RQjF9Ou+zcaDda80jhO5a65yrV8rc3blG80mkdXi01RZBhZEhmJAo2L5KW3aDbqzUbz7PEL4urFk8ePnxBXjx9fEcSzx8+IJy+SvW82mifPvn9x9ejq2bNHV48ev/jn1bNH4L8n3yd732w0V8TVoyePCAKYDeDx+AV44cmjJ4+TvW82micEBdE8fkxAHi8gGgqUsmTvG43m2ffAzVw9evb91RX/z2dXL168eHz15C0apBePHlNXj4GLeXT15PvvX7wgHgNn89YNb9Cz79OtNxoNJ8m8xLPychmd7x/980m6/SajoThDMmj4hJLFsPMnT64Wu99kNATDMlIR/MufnfVGo9muBM3uIfZvoCT6/wEeSIwfaQ6WNAAAAABJRU5ErkJggg==','2022-05-01',172,76,1,1),(11,1,'2342331212','Pedro','Escobar',1,NULL,NULL,'2022-05-03',NULL,NULL,1,1),(12,1,'2342331212','Pedro','Escobar',1,NULL,NULL,'2022-05-03',NULL,NULL,1,1),(13,1,'234234232','Maria','Hurtado',1,NULL,NULL,'2022-05-01',NULL,NULL,1,1),(14,2,'1234756','Camilo','Garcia',2,NULL,NULL,'2022-05-01',NULL,NULL,1,1),(15,3,'34534334','Juan','Diaz',2,NULL,NULL,'2022-05-01',NULL,NULL,1,1),(16,1,'2343534534','Julio','Jaramillo',2,NULL,NULL,'2022-05-01',NULL,NULL,1,1);
/*!40000 ALTER TABLE `persona` ENABLE KEYS */;
UNLOCK TABLES;

--
-- Table structure for table `plantillanotificacion`
--

DROP TABLE IF EXISTS `plantillanotificacion`;
/*!40101 SET @saved_cs_client     = @@character_set_client */;
/*!50503 SET character_set_client = utf8mb4 */;
CREATE TABLE `plantillanotificacion` (
  `idplantillanoti` int NOT NULL AUTO_INCREMENT,
  `evtidevento` int NOT NULL,
  `fechaPlantilla` datetime DEFAULT CURRENT_TIMESTAMP,
  `texto` varchar(256) NOT NULL,
  `stidestado` int NOT NULL,
  PRIMARY KEY (`idplantillanoti`),
  UNIQUE KEY `IdPlantillaNoti_UNIQUE` (`idplantillanoti`),
  UNIQUE KEY `IdEvento_UNIQUE` (`evtidevento`)
) ENGINE=InnoDB AUTO_INCREMENT=2 DEFAULT CHARSET=utf8mb3;
/*!40101 SET character_set_client = @saved_cs_client */;

--
-- Dumping data for table `plantillanotificacion`
--

LOCK TABLES `plantillanotificacion` WRITE;
/*!40000 ALTER TABLE `plantillanotificacion` DISABLE KEYS */;
INSERT INTO `plantillanotificacion` VALUES (1,1,'2022-05-05 19:19:13','Pruebas',1);
/*!40000 ALTER TABLE `plantillanotificacion` ENABLE KEYS */;
UNLOCK TABLES;

--
-- Table structure for table `tipo_contacto`
--

DROP TABLE IF EXISTS `tipo_contacto`;
/*!40101 SET @saved_cs_client     = @@character_set_client */;
/*!50503 SET character_set_client = utf8mb4 */;
CREATE TABLE `tipo_contacto` (
  `ctoidcontacto` int NOT NULL AUTO_INCREMENT COMMENT 'Identificador de tabla.',
  `siglas` varchar(45) NOT NULL COMMENT 'Tipo de siglas (TL-CL).',
  `descripcin` varchar(45) NOT NULL COMMENT 'Descripción de tipo de Contacto.',
  `fechaRegistro` datetime NOT NULL DEFAULT CURRENT_TIMESTAMP COMMENT 'Fecha de registro.',
  `stidestado` int NOT NULL COMMENT 'Estado registros (Tabla de estados de registros).',
  PRIMARY KEY (`ctoidcontacto`),
  UNIQUE KEY `IdTipoRH_UNIQUE` (`ctoidcontacto`)
) ENGINE=InnoDB AUTO_INCREMENT=4 DEFAULT CHARSET=utf8mb3;
/*!40101 SET character_set_client = @saved_cs_client */;

--
-- Dumping data for table `tipo_contacto`
--

LOCK TABLES `tipo_contacto` WRITE;
/*!40000 ALTER TABLE `tipo_contacto` DISABLE KEYS */;
INSERT INTO `tipo_contacto` VALUES (1,'TLF','Telefono','2022-05-05 01:42:29',1),(2,'CLA','Celular','2022-05-05 01:42:29',1),(3,'DRO','Dirección','2022-05-05 01:42:29',1);
/*!40000 ALTER TABLE `tipo_contacto` ENABLE KEYS */;
UNLOCK TABLES;

--
-- Table structure for table `tipo_documento`
--

DROP TABLE IF EXISTS `tipo_documento`;
/*!40101 SET @saved_cs_client     = @@character_set_client */;
/*!50503 SET character_set_client = utf8mb4 */;
CREATE TABLE `tipo_documento` (
  `tdcidtipodocumento` int NOT NULL AUTO_INCREMENT COMMENT 'Identificador de tabla.',
  `siglas` varchar(45) NOT NULL COMMENT 'Tipo de siglas (CC, TI).',
  `descripcin` varchar(45) NOT NULL COMMENT 'Descripción de tipo de documento.',
  `fechaRegistro` datetime NOT NULL DEFAULT CURRENT_TIMESTAMP COMMENT 'Fecha de registro.',
  `stidestado` int NOT NULL COMMENT 'Estado registros (Tabla de estados de registros).',
  PRIMARY KEY (`tdcidtipodocumento`),
  UNIQUE KEY `IdTipoDocmuento_UNIQUE` (`tdcidtipodocumento`)
) ENGINE=InnoDB AUTO_INCREMENT=7 DEFAULT CHARSET=utf8mb3;
/*!40101 SET character_set_client = @saved_cs_client */;

--
-- Dumping data for table `tipo_documento`
--

LOCK TABLES `tipo_documento` WRITE;
/*!40000 ALTER TABLE `tipo_documento` DISABLE KEYS */;
INSERT INTO `tipo_documento` VALUES (1,'CC','CEDULA DE CIUDADANIA','2022-05-05 01:51:14',1),(2,'CE','CEDULA DE EXTRANJERIA','2022-05-05 01:51:14',1),(3,'NIP','NUMERO DE IDENTIFICACION PERSONAL','2022-05-05 01:51:14',1),(4,'NIT','NUMERO DE IDENTIFICACION TRIBUTARIA','2022-05-05 01:51:14',1),(5,'TI','TARJETA DE IDENTIDAD','2022-05-05 01:51:14',1),(6,'PAP','PASAPORTE','2022-05-05 01:51:15',1);
/*!40000 ALTER TABLE `tipo_documento` ENABLE KEYS */;
UNLOCK TABLES;

--
-- Table structure for table `tipo_evento`
--

DROP TABLE IF EXISTS `tipo_evento`;
/*!40101 SET @saved_cs_client     = @@character_set_client */;
/*!50503 SET character_set_client = utf8mb4 */;
CREATE TABLE `tipo_evento` (
  `evtidevento` int NOT NULL AUTO_INCREMENT COMMENT 'Identificador de tabla.',
  `siglas` varchar(45) NOT NULL COMMENT 'Tipo de siglas (Cambio, Alerta).',
  `descripcion` varchar(45) NOT NULL COMMENT 'Descripción de tipo de evento.',
  `fechaRegistro` datetime NOT NULL DEFAULT CURRENT_TIMESTAMP COMMENT 'Fecha de registro.',
  `stidestado` int NOT NULL COMMENT 'Estado registros (Tabla de estados de registros).',
  PRIMARY KEY (`evtidevento`),
  UNIQUE KEY `IdTipoEvento_UNIQUE` (`evtidevento`)
) ENGINE=InnoDB AUTO_INCREMENT=6 DEFAULT CHARSET=utf8mb3;
/*!40101 SET character_set_client = @saved_cs_client */;

--
-- Dumping data for table `tipo_evento`
--

LOCK TABLES `tipo_evento` WRITE;
/*!40000 ALTER TABLE `tipo_evento` DISABLE KEYS */;
INSERT INTO `tipo_evento` VALUES (1,'CAE','Cambio de Aceite','2022-05-05 01:56:08',1),(2,'CLT','Cambio de Llantas','2022-05-05 01:56:08',1),(3,'CPF','Cambio de pastillas de Frenos','2022-05-05 01:56:08',1),(4,'CGF','Cambio de gualla de Freno','2022-05-05 01:56:08',1),(5,'CGA','Cambio  de gualla de Acelerador','2022-05-05 01:56:08',1);
/*!40000 ALTER TABLE `tipo_evento` ENABLE KEYS */;
UNLOCK TABLES;

--
-- Table structure for table `tipo_mantenimeinto`
--

DROP TABLE IF EXISTS `tipo_mantenimeinto`;
/*!40101 SET @saved_cs_client     = @@character_set_client */;
/*!50503 SET character_set_client = utf8mb4 */;
CREATE TABLE `tipo_mantenimeinto` (
  `tmtidtipomantenimiento` int NOT NULL AUTO_INCREMENT COMMENT 'Identificador de tabla.',
  `siglas` varchar(45) NOT NULL COMMENT 'Tipo de siglas (Aceite, Tecno).',
  `descripcin` varchar(45) NOT NULL COMMENT 'Descripción de tipo de mantenimiento.',
  `fechaRegistro` datetime NOT NULL COMMENT 'Fecha de registro.',
  `stidestado` int NOT NULL COMMENT 'Estado registros (Tabla de estados de registros).',
  PRIMARY KEY (`tmtidtipomantenimiento`),
  UNIQUE KEY `IdTipoMantenimeinto_UNIQUE` (`tmtidtipomantenimiento`)
) ENGINE=InnoDB DEFAULT CHARSET=utf8mb3;
/*!40101 SET character_set_client = @saved_cs_client */;

--
-- Dumping data for table `tipo_mantenimeinto`
--

LOCK TABLES `tipo_mantenimeinto` WRITE;
/*!40000 ALTER TABLE `tipo_mantenimeinto` DISABLE KEYS */;
/*!40000 ALTER TABLE `tipo_mantenimeinto` ENABLE KEYS */;
UNLOCK TABLES;

--
-- Table structure for table `tipo_rh`
--

DROP TABLE IF EXISTS `tipo_rh`;
/*!40101 SET @saved_cs_client     = @@character_set_client */;
/*!50503 SET character_set_client = utf8mb4 */;
CREATE TABLE `tipo_rh` (
  `trhidtiporh` int NOT NULL AUTO_INCREMENT COMMENT 'Identificador de tabla.',
  `siglas` varchar(45) NOT NULL COMMENT 'Tipo de siglas (O+, A-).',
  `descripcin` varchar(45) NOT NULL COMMENT 'Descripción de tipo de RH.',
  `fechaRegistro` datetime NOT NULL DEFAULT CURRENT_TIMESTAMP COMMENT 'Fecha de registro.',
  `stidestado` int NOT NULL COMMENT 'Estado registros (Tabla de estados de registros).',
  PRIMARY KEY (`trhidtiporh`),
  UNIQUE KEY `IdTipoRH_UNIQUE` (`trhidtiporh`)
) ENGINE=InnoDB AUTO_INCREMENT=3 DEFAULT CHARSET=utf8mb3;
/*!40101 SET character_set_client = @saved_cs_client */;

--
-- Dumping data for table `tipo_rh`
--

LOCK TABLES `tipo_rh` WRITE;
/*!40000 ALTER TABLE `tipo_rh` DISABLE KEYS */;
INSERT INTO `tipo_rh` VALUES (1,'O+','O+','2022-05-05 01:58:17',1),(2,'E-','E-','2022-05-05 01:58:17',1);
/*!40000 ALTER TABLE `tipo_rh` ENABLE KEYS */;
UNLOCK TABLES;

--
-- Table structure for table `tipo_sexo`
--

DROP TABLE IF EXISTS `tipo_sexo`;
/*!40101 SET @saved_cs_client     = @@character_set_client */;
/*!50503 SET character_set_client = utf8mb4 */;
CREATE TABLE `tipo_sexo` (
  `sxidtiposexo` int NOT NULL AUTO_INCREMENT COMMENT 'Identificador de tabla.',
  `siglas` varchar(45) NOT NULL COMMENT 'Tipo de siglas (F, M).',
  `descripcin` varchar(45) NOT NULL COMMENT 'Descripción de tipo de sexo.',
  `fechaRegistro` datetime NOT NULL DEFAULT CURRENT_TIMESTAMP COMMENT 'Fecha de registro.',
  `stidestado` int NOT NULL COMMENT 'Estado registros (Tabla de estados de registros).',
  PRIMARY KEY (`sxidtiposexo`),
  UNIQUE KEY `IdTipoSexo_UNIQUE` (`sxidtiposexo`)
) ENGINE=InnoDB AUTO_INCREMENT=3 DEFAULT CHARSET=utf8mb3;
/*!40101 SET character_set_client = @saved_cs_client */;

--
-- Dumping data for table `tipo_sexo`
--

LOCK TABLES `tipo_sexo` WRITE;
/*!40000 ALTER TABLE `tipo_sexo` DISABLE KEYS */;
INSERT INTO `tipo_sexo` VALUES (1,'F','Femenino','2022-05-05 02:01:19',1),(2,'M','Masculino','2022-05-05 02:01:19',1);
/*!40000 ALTER TABLE `tipo_sexo` ENABLE KEYS */;
UNLOCK TABLES;
/*!40103 SET TIME_ZONE=@OLD_TIME_ZONE */;

/*!40101 SET SQL_MODE=@OLD_SQL_MODE */;
/*!40014 SET FOREIGN_KEY_CHECKS=@OLD_FOREIGN_KEY_CHECKS */;
/*!40014 SET UNIQUE_CHECKS=@OLD_UNIQUE_CHECKS */;
/*!40101 SET CHARACTER_SET_CLIENT=@OLD_CHARACTER_SET_CLIENT */;
/*!40101 SET CHARACTER_SET_RESULTS=@OLD_CHARACTER_SET_RESULTS */;
/*!40101 SET COLLATION_CONNECTION=@OLD_COLLATION_CONNECTION */;
/*!40111 SET SQL_NOTES=@OLD_SQL_NOTES */;

-- Dump completed on 2022-05-16 22:11:11
